Time[s],Acceleration [mg],Force [N]  
0.0000,179.000,6.843 
0.0003,180.000,6.843 
0.0005,181.000,7.820 
0.0008,178.000,7.820 
0.0010,181.000,7.820 
0.0012,179.000,7.820 
0.0015,189.000,8.798 
0.0018,180.000,7.820 
0.0020,184.000,7.820 
0.0022,179.000,7.820 
0.0025,190.000,7.820 
0.0027,180.000,8.798 
0.0030,180.000,8.798 
0.0033,176.000,8.798 
0.0035,186.000,11.730 
0.0037,185.000,11.730 
0.0040,192.000,10.753 
0.0043,181.000,11.730 
0.0045,186.000,11.730 
0.0047,178.000,9.775 
0.0050,174.000,9.775 
0.0052,178.000,7.820 
0.0055,188.000,10.753 
0.0058,180.000,9.775 
0.0060,183.000,7.820 
0.0063,183.000,7.820 
0.0065,184.000,7.820 
0.0068,176.000,6.843 
0.0070,180.000,7.820 
0.0072,178.000,7.820 
0.0075,190.000,6.843 
0.0077,182.000,7.820 
0.0080,180.000,7.820 
0.0082,186.000,8.798 
0.0085,174.000,7.820 
0.0088,192.000,7.820 
0.0090,188.000,7.820 
0.0093,183.000,7.820 
0.0095,184.000,7.820 
0.0098,172.000,7.820 
0.0100,185.000,7.820 
0.0103,184.000,7.820 
0.0105,189.000,7.820 
0.0108,183.000,7.820 
0.0110,198.000,7.820 
0.0113,181.000,7.820 
0.0115,167.000,7.820 
0.0117,181.000,8.798 
0.0120,182.000,8.798 
0.0122,185.000,7.820 
0.0125,184.000,7.820 
0.0127,170.000,7.820 
0.0130,182.000,7.820 
0.0132,179.000,7.820 
0.0135,183.000,7.820 
0.0137,176.000,7.820 
0.0140,179.000,7.820 
0.0143,179.000,8.798 
0.0145,181.000,7.820 
0.0148,172.000,7.820 
0.0150,180.000,8.798 
0.0153,189.000,8.798 
0.0155,187.000,7.820 
0.0158,180.000,7.820 
0.0160,183.000,7.820 
0.0162,169.000,7.820 
0.0165,181.000,8.798 
0.0168,177.000,8.798 
0.0170,182.000,9.775 
0.0172,173.000,10.753 
0.0175,186.000,10.753 
0.0178,185.000,11.730 
0.0180,185.000,10.753 
0.0182,181.000,10.753 
0.0185,187.000,10.753 
0.0188,182.000,11.730 
0.0190,183.000,11.730 
0.0192,182.000,11.730 
0.0195,174.000,11.730 
0.0198,184.000,11.730 
0.0200,200.000,9.775 
0.0203,181.000,8.798 
0.0205,190.000,8.798 
0.0207,183.000,11.730 
0.0210,180.000,9.775 
0.0213,175.000,9.775 
0.0215,168.000,8.798 
0.0217,186.000,8.798 
0.0220,178.000,8.798 
0.0223,191.000,7.820 
0.0225,186.000,8.798 
0.0227,177.000,8.798 
0.0230,178.000,8.798 
0.0233,175.000,8.798 
0.0235,177.000,8.798 
0.0237,178.000,7.820 
0.0240,177.000,7.820 
0.0243,183.000,6.843 
0.0245,178.000,7.820 
0.0247,182.000,7.820 
0.0250,175.000,7.820 
0.0253,183.000,6.843 
0.0255,180.000,9.775 
0.0258,186.000,10.753 
0.0260,185.000,11.730 
0.0262,185.000,9.775 
0.0265,179.000,8.798 
0.0268,179.000,8.798 
0.0270,175.000,8.798 
0.0272,177.000,8.798 
0.0275,177.000,7.820 
0.0278,190.000,7.820 
0.0280,184.000,7.820 
0.0282,187.000,7.820 
0.0285,162.000,7.820 
0.0288,179.000,7.820 
0.0290,189.000,7.820 
0.0292,187.000,7.820 
0.0295,186.000,8.798 
0.0298,181.000,10.753 
0.0300,188.000,10.753 
0.0302,185.000,10.753 
0.0305,176.000,10.753 
0.0308,188.000,11.730 
0.0310,193.000,10.753 
0.0312,178.000,11.730 
0.0315,185.000,8.798 
0.0318,177.000,8.798 
0.0320,183.000,9.775 
0.0322,180.000,8.798 
0.0325,193.000,7.820 
0.0327,182.000,8.798 
0.0330,184.000,7.820 
0.0333,178.000,8.798 
0.0335,178.000,8.798 
0.0338,179.000,8.798 
0.0340,182.000,7.820 
0.0342,181.000,7.820 
0.0345,183.000,7.820 
0.0347,184.000,7.820 
0.0350,178.000,7.820 
0.0353,179.000,8.798 
0.0355,177.000,7.820 
0.0358,181.000,7.820 
0.0360,184.000,7.820 
0.0362,175.000,7.820 
0.0365,187.000,9.775 
0.0367,181.000,10.753 
0.0370,191.000,10.753 
0.0373,177.000,10.753 
0.0375,183.000,11.730 
0.0377,187.000,10.753 
0.0380,190.000,10.753 
0.0382,181.000,10.753 
0.0385,186.000,11.730 
0.0388,182.000,11.730 
0.0390,178.000,11.730 
0.0393,186.000,11.730 
0.0395,181.000,10.753 
0.0397,186.000,7.820 
0.0400,180.000,8.798 
0.0402,176.000,8.798 
0.0405,176.000,7.820 
0.0408,184.000,8.798 
0.0410,173.000,7.820 
0.0413,177.000,7.820 
0.0415,193.000,7.820 
0.0417,175.000,7.820 
0.0420,179.000,7.820 
0.0422,183.000,7.820 
0.0425,186.000,7.820 
0.0428,190.000,6.843 
0.0430,176.000,7.820 
0.0432,185.000,7.820 
0.0435,185.000,7.820 
0.0437,184.000,10.753 
0.0440,185.000,9.775 
0.0443,191.000,9.775 
0.0445,187.000,9.775 
0.0448,185.000,11.730 
0.0450,191.000,10.753 
0.0452,181.000,11.730 
0.0455,181.000,10.753 
0.0457,182.000,11.730 
0.0460,179.000,11.730 
0.0463,181.000,11.730 
0.0465,178.000,9.775 
0.0468,180.000,7.820 
0.0470,185.000,8.798 
0.0472,181.000,7.820 
0.0475,176.000,7.820 
0.0477,191.000,7.820 
0.0480,173.000,7.820 
0.0483,188.000,7.820 
0.0485,185.000,7.820 
0.0487,181.000,7.820 
0.0490,177.000,7.820 
0.0492,179.000,9.775 
0.0495,183.000,10.753 
0.0498,184.000,11.730 
0.0500,180.000,10.753 
0.0503,189.000,10.753 
0.0505,186.000,10.753 
0.0507,185.000,8.798 
0.0510,184.000,7.820 
0.0512,189.000,7.820 
0.0515,179.000,8.798 
0.0518,183.000,8.798 
0.0520,183.000,7.820 
0.0523,177.000,7.820 
0.0525,176.000,8.798 
0.0527,182.000,8.798 
0.0530,187.000,8.798 
0.0532,178.000,7.820 
0.0535,181.000,7.820 
0.0538,184.000,7.820 
0.0540,182.000,7.820 
0.0542,186.000,7.820 
0.0545,175.000,7.820 
0.0547,175.000,6.843 
0.0550,185.000,7.820 
0.0553,191.000,6.843 
0.0555,182.000,7.820 
0.0558,189.000,9.775 
0.0560,189.000,9.775 
0.0562,183.000,10.753 
0.0565,183.000,10.753 
0.0567,187.000,11.730 
0.0570,168.000,10.753 
0.0573,191.000,10.753 
0.0575,176.000,11.730 
0.0578,172.000,12.708 
0.0580,170.000,8.798 
0.0582,181.000,8.798 
0.0585,185.000,8.798 
0.0587,186.000,7.820 
0.0590,191.000,7.820 
0.0593,179.000,8.798 
0.0595,183.000,7.820 
0.0597,171.000,6.843 
0.0600,172.000,7.820 
0.0602,187.000,6.843 
0.0605,181.000,7.820 
0.0608,183.000,7.820 
0.0610,192.000,7.820 
0.0613,189.000,6.843 
0.0615,184.000,7.820 
0.0617,174.000,7.820 
0.0620,182.000,10.753 
0.0622,185.000,10.753 
0.0625,180.000,10.753 
0.0627,182.000,11.730 
0.0630,192.000,11.730 
0.0632,176.000,9.775 
0.0635,182.000,8.798 
0.0637,186.000,8.798 
0.0640,181.000,8.798 
0.0642,180.000,7.820 
0.0645,187.000,8.798 
0.0648,184.000,7.820 
0.0650,181.000,7.820 
0.0653,183.000,7.820 
0.0655,178.000,7.820 
0.0658,175.000,7.820 
0.0660,181.000,7.820 
0.0662,166.000,7.820 
0.0665,183.000,6.843 
0.0667,167.000,8.798 
0.0670,182.000,6.843 
0.0672,179.000,7.820 
0.0675,183.000,7.820 
0.0677,184.000,6.843 
0.0680,185.000,6.843 
0.0683,190.000,7.820 
0.0685,188.000,7.820 
0.0688,177.000,10.753 
0.0690,178.000,10.753 
0.0693,179.000,10.753 
0.0695,184.000,10.753 
0.0698,174.000,10.753 
0.0700,180.000,10.753 
0.0702,176.000,10.753 
0.0705,176.000,10.753 
0.0707,185.000,11.730 
0.0710,176.000,11.730 
0.0712,182.000,10.753 
0.0715,187.000,9.775 
0.0718,186.000,8.798 
0.0720,183.000,9.775 
0.0723,190.000,8.798 
0.0725,191.000,7.820 
0.0728,188.000,8.798 
0.0730,174.000,7.820 
0.0733,195.000,7.820 
0.0735,181.000,7.820 
0.0737,184.000,7.820 
0.0740,186.000,7.820 
0.0742,181.000,6.843 
0.0745,197.000,7.820 
0.0747,184.000,10.753 
0.0750,186.000,10.753 
0.0752,186.000,11.730 
0.0755,189.000,11.730 
0.0758,183.000,8.798 
0.0760,180.000,7.820 
0.0763,184.000,8.798 
0.0765,187.000,7.820 
0.0768,180.000,7.820 
0.0770,174.000,7.820 
0.0772,178.000,6.843 
0.0775,176.000,7.820 
0.0777,179.000,7.820 
0.0780,173.000,10.753 
0.0782,172.000,10.753 
0.0785,177.000,11.730 
0.0787,181.000,7.820 
0.0790,183.000,7.820 
0.0793,177.000,7.820 
0.0795,178.000,7.820 
0.0798,183.000,7.820 
0.0800,181.000,7.820 
0.0803,181.000,10.753 
0.0805,179.000,10.753 
0.0808,172.000,11.730 
0.0810,174.000,11.730 
0.0812,181.000,8.798 
0.0815,190.000,7.820 
0.0817,187.000,7.820 
0.0820,180.000,8.798 
0.0822,195.000,7.820 
0.0825,185.000,7.820 
0.0828,183.000,8.798 
0.0830,169.000,7.820 
0.0833,183.000,7.820 
0.0835,189.000,7.820 
0.0838,183.000,7.820 
0.0840,183.000,7.820 
0.0843,183.000,7.820 
0.0845,175.000,7.820 
0.0847,183.000,7.820 
0.0850,181.000,7.820 
0.0852,183.000,6.843 
0.0855,186.000,7.820 
0.0857,185.000,7.820 
0.0860,174.000,6.843 
0.0862,183.000,7.820 
0.0865,185.000,7.820 
0.0868,187.000,7.820 
0.0870,184.000,9.775 
0.0873,175.000,10.753 
0.0875,178.000,10.753 
0.0878,184.000,11.730 
0.0880,185.000,10.753 
0.0882,178.000,11.730 
0.0885,190.000,10.753 
0.0887,182.000,10.753 
0.0890,189.000,11.730 
0.0892,183.000,11.730 
0.0895,167.000,11.730 
0.0897,172.000,7.820 
0.0900,185.000,9.775 
0.0903,185.000,7.820 
0.0905,188.000,8.798 
0.0908,184.000,7.820 
0.0910,177.000,7.820 
0.0913,177.000,7.820 
0.0915,189.000,7.820 
0.0918,184.000,6.843 
0.0920,186.000,7.820 
0.0922,175.000,7.820 
0.0925,188.000,7.820 
0.0927,187.000,7.820 
0.0930,177.000,7.820 
0.0932,180.000,7.820 
0.0935,188.000,7.820 
0.0938,194.000,9.775 
0.0940,177.000,10.753 
0.0943,179.000,10.753 
0.0945,195.000,10.753 
0.0948,184.000,10.753 
0.0950,193.000,11.730 
0.0953,186.000,10.753 
0.0955,177.000,10.753 
0.0957,189.000,11.730 
0.0960,183.000,10.753 
0.0962,186.000,8.798 
0.0965,185.000,9.775 
0.0967,178.000,9.775 
0.0970,185.000,8.798 
0.0972,177.000,7.820 
0.0975,188.000,8.798 
0.0978,185.000,8.798 
0.0980,190.000,7.820 
0.0983,192.000,7.820 
0.0985,185.000,7.820 
0.0988,183.000,7.820 
0.0990,175.000,8.798 
0.0993,186.000,8.798 
0.0995,180.000,7.820 
0.0997,184.000,8.798 
0.1000,183.000,7.820 
0.1002,175.000,7.820 
0.1005,189.000,6.843 
0.1007,178.000,7.820 
0.1010,175.000,7.820 
0.1013,184.000,10.753 
0.1015,178.000,10.753 
0.1018,189.000,10.753 
0.1020,183.000,10.753 
0.1023,172.000,11.730 
0.1025,186.000,11.730 
0.1028,188.000,11.730 
0.1030,181.000,8.798 
0.1032,187.000,8.798 
0.1035,183.000,9.775 
0.1037,182.000,8.798 
0.1040,187.000,8.798 
0.1042,185.000,8.798 
0.1045,181.000,8.798 
0.1047,186.000,8.798 
0.1050,189.000,8.798 
0.1053,187.000,7.820 
0.1055,187.000,7.820 
0.1058,182.000,7.820 
0.1060,172.000,7.820 
0.1063,169.000,7.820 
0.1065,181.000,7.820 
0.1067,182.000,10.753 
0.1070,183.000,10.753 
0.1072,187.000,11.730 
0.1075,183.000,8.798 
0.1077,179.000,8.798 
0.1080,186.000,7.820 
0.1082,192.000,7.820 
0.1085,182.000,7.820 
0.1088,176.000,7.820 
0.1090,180.000,7.820 
0.1093,186.000,7.820 
0.1095,174.000,7.820 
0.1098,191.000,9.775 
0.1100,172.000,10.753 
0.1103,184.000,11.730 
0.1105,182.000,9.775 
0.1107,180.000,7.820 
0.1110,181.000,7.820 
0.1112,188.000,7.820 
0.1115,182.000,7.820 
0.1117,182.000,7.820 
0.1120,184.000,10.753 
0.1123,180.000,11.730 
0.1125,181.000,11.730 
0.1128,189.000,11.730 
0.1130,185.000,8.798 
0.1133,186.000,8.798 
0.1135,182.000,7.820 
0.1138,178.000,7.820 
0.1140,186.000,7.820 
0.1142,184.000,7.820 
0.1145,178.000,10.753 
0.1147,190.000,11.730 
0.1150,177.000,11.730 
0.1152,180.000,8.798 
0.1155,183.000,8.798 
0.1157,177.000,8.798 
0.1160,180.000,8.798 
0.1163,191.000,9.775 
0.1165,178.000,7.820 
0.1168,184.000,7.820 
0.1170,177.000,6.843 
0.1173,177.000,8.798 
0.1175,187.000,7.820 
0.1177,176.000,7.820 
0.1180,188.000,7.820 
0.1182,175.000,7.820 
0.1185,183.000,6.843 
0.1187,189.000,7.820 
0.1190,177.000,7.820 
0.1192,191.000,7.820 
0.1195,179.000,10.753 
0.1198,179.000,10.753 
0.1200,183.000,10.753 
0.1203,170.000,8.798 
0.1205,191.000,8.798 
0.1208,181.000,8.798 
0.1210,176.000,7.820 
0.1213,185.000,8.798 
0.1215,189.000,6.843 
0.1217,179.000,7.820 
0.1220,180.000,6.843 
0.1222,184.000,7.820 
0.1225,179.000,9.775 
0.1227,178.000,10.753 
0.1230,181.000,10.753 
0.1233,182.000,10.753 
0.1235,185.000,11.730 
0.1238,182.000,11.730 
0.1240,187.000,11.730 
0.1243,186.000,11.730 
0.1245,177.000,11.730 
0.1248,187.000,8.798 
0.1250,182.000,8.798 
0.1252,175.000,8.798 
0.1255,184.000,7.820 
0.1258,181.000,7.820 
0.1260,180.000,8.798 
0.1262,177.000,7.820 
0.1265,185.000,7.820 
0.1268,175.000,7.820 
0.1270,187.000,8.798 
0.1273,178.000,7.820 
0.1275,181.000,7.820 
0.1277,184.000,6.843 
0.1280,183.000,6.843 
0.1283,176.000,9.775 
0.1285,184.000,9.775 
0.1287,185.000,10.753 
0.1290,179.000,10.753 
0.1293,187.000,10.753 
0.1295,183.000,11.730 
0.1297,175.000,8.798 
0.1300,180.000,8.798 
0.1303,187.000,8.798 
0.1305,184.000,8.798 
0.1308,191.000,8.798 
0.1310,177.000,7.820 
0.1312,167.000,7.820 
0.1315,182.000,7.820 
0.1318,188.000,7.820 
0.1320,187.000,7.820 
0.1322,189.000,7.820 
0.1325,180.000,7.820 
0.1328,172.000,10.753 
0.1330,184.000,11.730 
0.1332,177.000,11.730 
0.1335,180.000,12.708 
0.1338,191.000,8.798 
0.1340,192.000,8.798 
0.1343,177.000,8.798 
0.1345,195.000,7.820 
0.1347,176.000,7.820 
0.1350,182.000,8.798 
0.1353,186.000,7.820 
0.1355,179.000,7.820 
0.1357,195.000,8.798 
0.1360,195.000,7.820 
0.1363,171.000,7.820 
0.1365,180.000,7.820 
0.1367,174.000,6.843 
0.1370,193.000,7.820 
0.1373,182.000,6.843 
0.1375,179.000,7.820 
0.1377,187.000,9.775 
0.1380,193.000,9.775 
0.1382,170.000,10.753 
0.1385,176.000,10.753 
0.1388,203.000,11.730 
0.1390,187.000,11.730 
0.1392,183.000,10.753 
0.1395,182.000,10.753 
0.1398,171.000,11.730 
0.1400,180.000,11.730 
0.1402,187.000,10.753 
0.1405,183.000,11.730 
0.1408,185.000,8.798 
0.1410,188.000,8.798 
0.1412,181.000,8.798 
0.1415,181.000,8.798 
0.1417,181.000,9.775 
0.1420,184.000,7.820 
0.1423,180.000,8.798 
0.1425,182.000,8.798 
0.1427,191.000,8.798 
0.1430,184.000,8.798 
0.1433,169.000,8.798 
0.1435,189.000,9.775 
0.1437,199.000,8.798 
0.1440,180.000,8.798 
0.1443,183.000,8.798 
0.1445,181.000,9.775 
0.1447,191.000,7.820 
0.1450,191.000,7.820 
0.1452,187.000,7.820 
0.1455,188.000,7.820 
0.1458,185.000,7.820 
0.1460,183.000,7.820 
0.1462,185.000,7.820 
0.1465,178.000,6.843 
0.1468,175.000,7.820 
0.1470,177.000,10.753 
0.1472,183.000,11.730 
0.1475,182.000,9.775 
0.1478,189.000,8.798 
0.1480,176.000,7.820 
0.1482,181.000,8.798 
0.1485,191.000,7.820 
0.1488,185.000,7.820 
0.1490,177.000,7.820 
0.1493,193.000,6.843 
0.1495,178.000,7.820 
0.1497,178.000,9.775 
0.1500,183.000,10.753 
0.1503,192.000,11.730 
0.1505,183.000,11.730 
0.1507,176.000,11.730 
0.1510,176.000,8.798 
0.1513,172.000,8.798 
0.1515,182.000,7.820 
0.1517,185.000,7.820 
0.1520,164.000,7.820 
0.1523,178.000,7.820 
0.1525,201.000,7.820 
0.1528,177.000,7.820 
0.1530,181.000,7.820 
0.1532,180.000,7.820 
0.1535,181.000,7.820 
0.1538,198.000,7.820 
0.1540,183.000,8.798 
0.1542,183.000,7.820 
0.1545,180.000,7.820 
0.1548,188.000,7.820 
0.1550,186.000,7.820 
0.1552,181.000,7.820 
0.1555,182.000,6.843 
0.1558,178.000,7.820 
0.1560,183.000,7.820 
0.1562,197.000,7.820 
0.1565,182.000,10.753 
0.1567,193.000,11.730 
0.1570,186.000,10.753 
0.1573,177.000,11.730 
0.1575,188.000,11.730 
0.1577,181.000,8.798 
0.1580,176.000,8.798 
0.1583,186.000,7.820 
0.1585,194.000,7.820 
0.1587,183.000,7.820 
0.1590,179.000,8.798 
0.1593,184.000,7.820 
0.1595,183.000,7.820 
0.1597,188.000,7.820 
0.1600,180.000,7.820 
0.1602,178.000,7.820 
0.1605,182.000,7.820 
0.1608,182.000,6.843 
0.1610,190.000,7.820 
0.1612,178.000,7.820 
0.1615,190.000,8.798 
0.1618,183.000,10.753 
0.1620,181.000,10.753 
0.1622,185.000,10.753 
0.1625,183.000,10.753 
0.1628,175.000,11.730 
0.1630,182.000,11.730 
0.1632,180.000,8.798 
0.1635,181.000,8.798 
0.1637,185.000,7.820 
0.1640,181.000,7.820 
0.1643,177.000,7.820 
0.1645,177.000,7.820 
0.1647,185.000,7.820 
0.1650,193.000,8.798 
0.1653,183.000,7.820 
0.1655,189.000,7.820 
0.1657,183.000,7.820 
0.1660,175.000,9.775 
0.1663,179.000,10.753 
0.1665,174.000,10.753 
0.1667,185.000,10.753 
0.1670,183.000,10.753 
0.1673,187.000,10.753 
0.1675,168.000,10.753 
0.1678,187.000,11.730 
0.1680,190.000,11.730 
0.1682,189.000,11.730 
0.1685,181.000,11.730 
0.1688,185.000,11.730 
0.1690,185.000,12.708 
0.1692,177.000,11.730 
0.1695,180.000,8.798 
0.1698,182.000,7.820 
0.1700,178.000,8.798 
0.1702,185.000,8.798 
0.1705,177.000,7.820 
0.1708,186.000,8.798 
0.1710,173.000,8.798 
0.1713,194.000,8.798 
0.1715,188.000,11.730 
0.1717,191.000,11.730 
0.1720,181.000,11.730 
0.1723,195.000,11.730 
0.1725,190.000,10.753 
0.1727,178.000,10.753 
0.1730,184.000,11.730 
0.1733,182.000,10.753 
0.1735,184.000,10.753 
0.1737,182.000,11.730 
0.1740,169.000,10.753 
0.1743,171.000,11.730 
0.1745,184.000,10.753 
0.1748,178.000,11.730 
0.1750,185.000,10.753 
0.1752,183.000,9.775 
0.1755,185.000,6.843 
0.1758,183.000,7.820 
0.1760,185.000,7.820 
0.1762,167.000,7.820 
0.1765,179.000,7.820 
0.1768,182.000,7.820 
0.1770,181.000,8.798 
0.1772,183.000,7.820 
0.1775,185.000,8.798 
0.1778,181.000,8.798 
0.1780,183.000,8.798 
0.1782,182.000,8.798 
0.1785,174.000,8.798 
0.1787,178.000,8.798 
0.1790,180.000,7.820 
0.1793,175.000,7.820 
0.1795,183.000,7.820 
0.1797,178.000,7.820 
0.1800,180.000,7.820 
0.1803,182.000,7.820 
0.1805,176.000,8.798 
0.1807,188.000,6.843 
0.1810,177.000,7.820 
0.1813,172.000,6.843 
0.1815,182.000,7.820 
0.1817,185.000,7.820 
0.1820,177.000,7.820 
0.1822,182.000,8.798 
0.1825,177.000,6.843 
0.1828,183.000,7.820 
0.1830,181.000,7.820 
0.1832,189.000,6.843 
0.1835,177.000,7.820 
0.1838,181.000,9.775 
0.1840,189.000,10.753 
0.1842,186.000,10.753 
0.1845,178.000,11.730 
0.1848,174.000,11.730 
0.1850,181.000,10.753 
0.1852,191.000,11.730 
0.1855,186.000,11.730 
0.1857,184.000,11.730 
0.1860,183.000,8.798 
0.1863,182.000,8.798 
0.1865,179.000,8.798 
0.1867,187.000,7.820 
0.1870,181.000,7.820 
0.1873,170.000,7.820 
0.1875,183.000,8.798 
0.1877,183.000,7.820 
0.1880,187.000,7.820 
0.1883,182.000,8.798 
0.1885,186.000,7.820 
0.1887,181.000,7.820 
0.1890,184.000,7.820 
0.1893,183.000,6.843 
0.1895,188.000,10.753 
0.1898,201.000,11.730 
0.1900,176.000,11.730 
0.1902,183.000,11.730 
0.1905,178.000,7.820 
0.1908,174.000,8.798 
0.1910,181.000,7.820 
0.1912,180.000,8.798 
0.1915,186.000,7.820 
0.1918,180.000,7.820 
0.1920,180.000,6.843 
0.1922,186.000,7.820 
0.1925,181.000,7.820 
0.1928,182.000,7.820 
0.1930,183.000,7.820 
0.1933,187.000,7.820 
0.1935,182.000,7.820 
0.1937,182.000,7.820 
0.1940,182.000,7.820 
0.1943,187.000,6.843 
0.1945,191.000,9.775 
0.1947,178.000,11.730 
0.1950,181.000,10.753 
0.1953,177.000,11.730 
0.1955,183.000,8.798 
0.1957,183.000,8.798 
0.1960,189.000,8.798 
0.1963,186.000,8.798 
0.1965,182.000,8.798 
0.1968,187.000,7.820 
0.1970,182.000,7.820 
0.1972,188.000,7.820 
0.1975,183.000,8.798 
0.1978,180.000,7.820 
0.1980,185.000,7.820 
0.1982,183.000,8.798 
0.1985,182.000,7.820 
0.1988,179.000,7.820 
0.1990,186.000,7.820 
0.1992,177.000,7.820 
0.1995,171.000,7.820 
0.1998,175.000,7.820 
0.2000,182.000,7.820 
0.2002,191.000,8.798 
0.2005,172.000,7.820 
0.2007,181.000,7.820 
0.2010,200.000,8.798 
0.2013,192.000,7.820 
0.2015,182.000,7.820 
0.2017,189.000,8.798 
0.2020,181.000,7.820 
0.2023,175.000,8.798 
0.2025,174.000,7.820 
0.2027,187.000,7.820 
0.2030,189.000,7.820 
0.2033,181.000,7.820 
0.2035,191.000,7.820 
0.2037,182.000,6.843 
0.2040,182.000,9.775 
0.2042,204.000,10.753 
0.2045,192.000,10.753 
0.2048,177.000,10.753 
0.2050,177.000,11.730 
0.2052,176.000,8.798 
0.2055,181.000,8.798 
0.2058,195.000,7.820 
0.2060,182.000,8.798 
0.2062,179.000,7.820 
0.2065,191.000,7.820 
0.2068,180.000,7.820 
0.2070,183.000,7.820 
0.2072,182.000,7.820 
0.2075,179.000,9.775 
0.2077,184.000,10.753 
0.2080,180.000,11.730 
0.2083,180.000,10.753 
0.2085,193.000,8.798 
0.2087,166.000,8.798 
0.2090,184.000,8.798 
0.2093,187.000,7.820 
0.2095,187.000,7.820 
0.2097,192.000,7.820 
0.2100,176.000,7.820 
0.2103,184.000,7.820 
0.2105,183.000,6.843 
0.2107,182.000,7.820 
0.2110,182.000,10.753 
0.2113,197.000,10.753 
0.2115,182.000,11.730 
0.2118,188.000,8.798 
0.2120,183.000,8.798 
0.2122,173.000,8.798 
0.2125,190.000,7.820 
0.2128,190.000,8.798 
0.2130,187.000,7.820 
0.2132,173.000,7.820 
0.2135,180.000,6.843 
0.2138,179.000,7.820 
0.2140,189.000,7.820 
0.2142,187.000,9.775 
0.2145,174.000,9.775 
0.2148,177.000,9.775 
0.2150,184.000,10.753 
0.2153,182.000,10.753 
0.2155,178.000,11.730 
0.2157,179.000,10.753 
0.2160,172.000,11.730 
0.2163,191.000,11.730 
0.2165,185.000,10.753 
0.2167,185.000,7.820 
0.2170,183.000,7.820 
0.2173,180.000,7.820 
0.2175,180.000,8.798 
0.2177,179.000,7.820 
0.2180,183.000,7.820 
0.2183,188.000,7.820 
0.2185,183.000,6.843 
0.2188,189.000,7.820 
0.2190,185.000,7.820 
0.2192,178.000,7.820 
0.2195,186.000,7.820 
0.2198,186.000,6.843 
0.2200,188.000,7.820 
0.2202,179.000,7.820 
0.2205,188.000,7.820 
0.2208,179.000,7.820 
0.2210,174.000,7.820 
0.2212,176.000,8.798 
0.2215,176.000,7.820 
0.2218,181.000,7.820 
0.2220,173.000,7.820 
0.2222,177.000,9.775 
0.2225,186.000,7.820 
0.2227,187.000,7.820 
0.2230,175.000,7.820 
0.2233,182.000,7.820 
0.2235,184.000,7.820 
0.2237,180.000,7.820 
0.2240,180.000,7.820 
0.2243,182.000,7.820 
0.2245,179.000,7.820 
0.2247,184.000,7.820 
0.2250,192.000,7.820 
0.2253,185.000,7.820 
0.2255,179.000,7.820 
0.2257,196.000,7.820 
0.2260,173.000,7.820 
0.2262,185.000,7.820 
0.2265,196.000,7.820 
0.2268,176.000,10.753 
0.2270,185.000,11.730 
0.2272,179.000,11.730 
0.2275,183.000,11.730 
0.2278,186.000,8.798 
0.2280,182.000,7.820 
0.2282,199.000,8.798 
0.2285,183.000,7.820 
0.2288,183.000,7.820 
0.2290,189.000,7.820 
0.2292,179.000,7.820 
0.2295,183.000,7.820 
0.2298,189.000,7.820 
0.2300,178.000,7.820 
0.2303,179.000,6.843 
0.2305,182.000,7.820 
0.2307,184.000,7.820 
0.2310,180.000,7.820 
0.2313,180.000,7.820 
0.2315,179.000,10.753 
0.2317,179.000,10.753 
0.2320,190.000,10.753 
0.2323,184.000,11.730 
0.2325,183.000,11.730 
0.2327,184.000,11.730 
0.2330,185.000,8.798 
0.2333,187.000,8.798 
0.2335,192.000,8.798 
0.2338,184.000,8.798 
0.2340,183.000,8.798 
0.2342,187.000,8.798 
0.2345,181.000,7.820 
0.2348,173.000,6.843 
0.2350,186.000,7.820 
0.2352,175.000,7.820 
0.2355,189.000,7.820 
0.2358,186.000,6.843 
0.2360,189.000,7.820 
0.2362,185.000,7.820 
0.2365,183.000,7.820 
0.2368,179.000,10.753 
0.2370,190.000,10.753 
0.2373,191.000,10.753 
0.2375,184.000,11.730 
0.2377,176.000,11.730 
0.2380,184.000,11.730 
0.2383,165.000,8.798 
0.2385,182.000,7.820 
0.2387,180.000,7.820 
0.2390,185.000,7.820 
0.2393,190.000,7.820 
0.2395,178.000,6.843 
0.2397,178.000,7.820 
0.2400,194.000,7.820 
0.2403,181.000,7.820 
0.2405,178.000,10.753 
0.2407,183.000,10.753 
0.2410,180.000,10.753 
0.2412,176.000,10.753 
0.2415,189.000,10.753 
0.2418,171.000,11.730 
0.2420,189.000,11.730 
0.2422,181.000,8.798 
0.2425,181.000,8.798 
0.2428,183.000,8.798 
0.2430,173.000,7.820 
0.2432,177.000,7.820 
0.2435,189.000,8.798 
0.2438,184.000,6.843 
0.2440,175.000,7.820 
0.2442,175.000,7.820 
0.2445,187.000,8.798 
0.2447,167.000,6.843 
0.2450,183.000,10.753 
0.2453,178.000,10.753 
0.2455,189.000,9.775 
0.2457,183.000,10.753 
0.2460,181.000,11.730 
0.2463,177.000,11.730 
0.2465,179.000,7.820 
0.2467,181.000,8.798 
0.2470,180.000,8.798 
0.2473,181.000,7.820 
0.2475,181.000,7.820 
0.2477,177.000,7.820 
0.2480,185.000,6.843 
0.2482,179.000,7.820 
0.2485,185.000,7.820 
0.2488,179.000,6.843 
0.2490,184.000,10.753 
0.2492,186.000,11.730 
0.2495,191.000,11.730 
0.2498,178.000,9.775 
0.2500,186.000,8.798 
0.2503,183.000,7.820 
0.2505,174.000,8.798 
0.2508,177.000,8.798 
0.2510,177.000,8.798 
0.2512,181.000,8.798 
0.2515,188.000,8.798 
0.2517,188.000,7.820 
0.2520,181.000,8.798 
0.2522,185.000,8.798 
0.2525,182.000,7.820 
0.2528,171.000,7.820 
0.2530,186.000,7.820 
0.2533,182.000,7.820 
0.2535,182.000,7.820 
0.2537,183.000,7.820 
0.2540,187.000,7.820 
0.2542,179.000,7.820 
0.2545,178.000,7.820 
0.2548,185.000,7.820 
0.2550,183.000,10.753 
0.2553,186.000,10.753 
0.2555,182.000,10.753 
0.2558,189.000,10.753 
0.2560,175.000,10.753 
0.2562,183.000,10.753 
0.2565,175.000,10.753 
0.2567,188.000,11.730 
0.2570,186.000,10.753 
0.2573,182.000,10.753 
0.2575,174.000,11.730 
0.2578,184.000,11.730 
0.2580,186.000,12.708 
0.2582,183.000,11.730 
0.2585,197.000,8.798 
0.2587,188.000,8.798 
0.2590,179.000,8.798 
0.2592,191.000,7.820 
0.2595,183.000,7.820 
0.2598,181.000,7.820 
0.2600,187.000,8.798 
0.2603,186.000,7.820 
0.2605,187.000,7.820 
0.2607,177.000,7.820 
0.2610,174.000,7.820 
0.2612,177.000,8.798 
0.2615,175.000,7.820 
0.2618,187.000,7.820 
0.2620,186.000,10.753 
0.2623,182.000,10.753 
0.2625,178.000,10.753 
0.2627,187.000,11.730 
0.2630,180.000,11.730 
0.2632,178.000,11.730 
0.2635,184.000,11.730 
0.2637,190.000,11.730 
0.2640,169.000,11.730 
0.2643,180.000,11.730 
0.2645,174.000,8.798 
0.2648,178.000,7.820 
0.2650,183.000,8.798 
0.2652,186.000,7.820 
0.2655,181.000,7.820 
0.2657,187.000,7.820 
0.2660,184.000,7.820 
0.2663,178.000,10.753 
0.2665,176.000,10.753 
0.2668,184.000,11.730 
0.2670,175.000,8.798 
0.2673,174.000,7.820 
0.2675,187.000,8.798 
0.2677,186.000,6.843 
0.2680,185.000,6.843 
0.2682,184.000,7.820 
0.2685,178.000,7.820 
0.2688,179.000,10.753 
0.2690,176.000,11.730 
0.2693,173.000,11.730 
0.2695,186.000,8.798 
0.2697,190.000,8.798 
0.2700,181.000,8.798 
0.2702,171.000,7.820 
0.2705,188.000,8.798 
0.2707,180.000,7.820 
0.2710,183.000,7.820 
0.2713,177.000,7.820 
0.2715,188.000,6.843 
0.2718,192.000,7.820 
0.2720,180.000,7.820 
0.2722,174.000,7.820 
0.2725,184.000,7.820 
0.2727,186.000,8.798 
0.2730,188.000,7.820 
0.2733,177.000,6.843 
0.2735,190.000,9.775 
0.2738,184.000,10.753 
0.2740,180.000,11.730 
0.2743,181.000,8.798 
0.2745,185.000,8.798 
0.2747,182.000,8.798 
0.2750,174.000,7.820 
0.2752,182.000,8.798 
0.2755,177.000,7.820 
0.2758,177.000,7.820 
0.2760,179.000,7.820 
0.2763,182.000,7.820 
0.2765,193.000,8.798 
0.2767,183.000,7.820 
0.2770,174.000,6.843 
0.2772,185.000,7.820 
0.2775,181.000,8.798 
0.2777,191.000,7.820 
0.2780,185.000,7.820 
0.2783,190.000,6.843 
0.2785,180.000,7.820 
0.2788,174.000,7.820 
0.2790,185.000,7.820 
0.2792,175.000,6.843 
0.2795,172.000,7.820 
0.2797,180.000,6.843 
0.2800,182.000,6.843 
0.2803,188.000,7.820 
0.2805,184.000,7.820 
0.2808,191.000,9.775 
0.2810,188.000,10.753 
0.2812,178.000,7.820 
0.2815,188.000,10.753 
0.2817,188.000,11.730 
0.2820,185.000,11.730 
0.2822,174.000,11.730 
0.2825,176.000,11.730 
0.2828,178.000,10.753 
0.2830,184.000,11.730 
0.2833,175.000,10.753 
0.2835,184.000,11.730 
0.2837,181.000,7.820 
0.2840,177.000,7.820 
0.2842,187.000,7.820 
0.2845,168.000,7.820 
0.2848,183.000,7.820 
0.2850,179.000,7.820 
0.2853,172.000,7.820 
0.2855,193.000,10.753 
0.2858,181.000,10.753 
0.2860,182.000,11.730 
0.2862,185.000,8.798 
0.2865,186.000,7.820 
0.2867,184.000,7.820 
0.2870,178.000,8.798 
0.2873,175.000,8.798 
0.2875,193.000,7.820 
0.2878,186.000,7.820 
0.2880,186.000,10.753 
0.2882,175.000,10.753 
0.2885,178.000,11.730 
0.2887,183.000,11.730 
0.2890,187.000,8.798 
0.2892,189.000,9.775 
0.2895,186.000,8.798 
0.2898,177.000,7.820 
0.2900,188.000,8.798 
0.2903,183.000,7.820 
0.2905,195.000,7.820 
0.2907,182.000,6.843 
0.2910,186.000,6.843 
0.2912,183.000,10.753 
0.2915,177.000,11.730 
0.2918,183.000,10.753 
0.2920,181.000,8.798 
0.2923,183.000,8.798 
0.2925,180.000,8.798 
0.2928,176.000,8.798 
0.2930,179.000,7.820 
0.2932,190.000,7.820 
0.2935,176.000,7.820 
0.2937,177.000,7.820 
0.2940,182.000,7.820 
0.2943,181.000,9.775 
0.2945,188.000,10.753 
0.2948,180.000,11.730 
0.2950,178.000,9.775 
0.2952,173.000,9.775 
0.2955,186.000,8.798 
0.2957,181.000,8.798 
0.2960,188.000,7.820 
0.2962,184.000,7.820 
0.2965,179.000,7.820 
0.2968,178.000,7.820 
0.2970,191.000,7.820 
0.2973,183.000,7.820 
0.2975,181.000,7.820 
0.2977,188.000,8.798 
0.2980,188.000,7.820 
0.2982,185.000,10.753 
0.2985,180.000,10.753 
0.2988,184.000,10.753 
0.2990,187.000,11.730 
0.2993,179.000,11.730 
0.2995,184.000,8.798 
0.2998,177.000,8.798 
0.3000,176.000,8.798 
0.3002,179.000,7.820 
0.3005,203.000,7.820 
0.3007,185.000,7.820 
0.3010,177.000,7.820 
0.3013,192.000,7.820 
0.3015,177.000,7.820 
0.3018,179.000,6.843 
0.3020,183.000,9.775 
0.3022,179.000,9.775 
0.3025,181.000,10.753 
0.3027,184.000,10.753 
0.3030,186.000,11.730 
0.3033,189.000,10.753 
0.3035,177.000,11.730 
0.3038,172.000,12.708 
0.3040,183.000,11.730 
0.3043,183.000,8.798 
0.3045,188.000,11.730 
0.3047,181.000,11.730 
0.3050,184.000,11.730 
0.3052,181.000,11.730 
0.3055,183.000,11.730 
0.3058,182.000,9.775 
0.3060,182.000,8.798 
0.3063,183.000,8.798 
0.3065,174.000,8.798 
0.3067,189.000,7.820 
0.3070,182.000,7.820 
0.3072,183.000,7.820 
0.3075,180.000,7.820 
0.3077,187.000,7.820 
0.3080,174.000,7.820 
0.3083,182.000,7.820 
0.3085,188.000,7.820 
0.3088,184.000,7.820 
0.3090,181.000,7.820 
0.3092,182.000,10.753 
0.3095,189.000,10.753 
0.3097,177.000,10.753 
0.3100,181.000,8.798 
0.3103,185.000,8.798 
0.3105,176.000,8.798 
0.3108,188.000,8.798 
0.3110,183.000,8.798 
0.3113,175.000,8.798 
0.3115,190.000,7.820 
0.3117,181.000,8.798 
0.3120,187.000,7.820 
0.3122,190.000,7.820 
0.3125,175.000,7.820 
0.3128,177.000,6.843 
0.3130,179.000,7.820 
0.3133,193.000,7.820 
0.3135,181.000,9.775 
0.3137,179.000,10.753 
0.3140,183.000,11.730 
0.3142,182.000,12.708 
0.3145,186.000,8.798 
0.3147,183.000,8.798 
0.3150,183.000,7.820 
0.3153,181.000,7.820 
0.3155,181.000,7.820 
0.3158,183.000,7.820 
0.3160,187.000,7.820 
0.3162,182.000,7.820 
0.3165,193.000,7.820 
0.3167,187.000,7.820 
0.3170,183.000,7.820 
0.3173,182.000,6.843 
0.3175,183.000,7.820 
0.3178,180.000,7.820 
0.3180,194.000,7.820 
0.3183,182.000,7.820 
0.3185,182.000,6.843 
0.3187,174.000,9.775 
0.3190,177.000,9.775 
0.3192,185.000,11.730 
0.3195,179.000,10.753 
0.3198,182.000,10.753 
0.3200,191.000,10.753 
0.3203,175.000,10.753 
0.3205,187.000,9.775 
0.3207,190.000,10.753 
0.3210,179.000,10.753 
0.3212,179.000,10.753 
0.3215,184.000,10.753 
0.3217,187.000,11.730 
0.3220,181.000,11.730 
0.3223,182.000,10.753 
0.3225,165.000,11.730 
0.3228,187.000,11.730 
0.3230,175.000,11.730 
0.3232,179.000,11.730 
0.3235,183.000,8.798 
0.3237,180.000,8.798 
0.3240,189.000,10.753 
0.3243,194.000,8.798 
0.3245,186.000,8.798 
0.3248,178.000,8.798 
0.3250,180.000,7.820 
0.3252,185.000,7.820 
0.3255,184.000,7.820 
0.3257,184.000,7.820 
0.3260,186.000,7.820 
0.3262,182.000,6.843 
0.3265,183.000,7.820 
0.3268,180.000,7.820 
0.3270,183.000,7.820 
0.3273,189.000,7.820 
0.3275,171.000,7.820 
0.3277,182.000,7.820 
0.3280,176.000,7.820 
0.3282,181.000,7.820 
0.3285,182.000,7.820 
0.3288,185.000,9.775 
0.3290,191.000,10.753 
0.3293,185.000,10.753 
0.3295,176.000,10.753 
0.3298,184.000,10.753 
0.3300,182.000,10.753 
0.3302,184.000,11.730 
0.3305,176.000,12.708 
0.3307,182.000,8.798 
0.3310,202.000,8.798 
0.3313,174.000,8.798 
0.3315,183.000,8.798 
0.3318,180.000,8.798 
0.3320,181.000,7.820 
0.3322,177.000,8.798 
0.3325,182.000,7.820 
0.3327,181.000,8.798 
0.3330,183.000,8.798 
0.3332,184.000,8.798 
0.3335,182.000,8.798 
0.3338,183.000,7.820 
0.3340,183.000,7.820 
0.3343,178.000,7.820 
0.3345,184.000,7.820 
0.3347,183.000,7.820 
0.3350,184.000,7.820 
0.3352,186.000,8.798 
0.3355,174.000,8.798 
0.3358,180.000,7.820 
0.3360,177.000,7.820 
0.3363,183.000,7.820 
0.3365,171.000,7.820 
0.3368,180.000,7.820 
0.3370,197.000,7.820 
0.3372,182.000,7.820 
0.3375,174.000,7.820 
0.3377,186.000,7.820 
0.3380,188.000,6.843 
0.3383,183.000,7.820 
0.3385,178.000,7.820 
0.3388,183.000,7.820 
0.3390,185.000,7.820 
0.3392,183.000,6.843 
0.3395,184.000,7.820 
0.3397,171.000,7.820 
0.3400,185.000,9.775 
0.3402,190.000,9.775 
0.3405,198.000,10.753 
0.3408,190.000,11.730 
0.3410,181.000,11.730 
0.3413,176.000,10.753 
0.3415,176.000,8.798 
0.3417,184.000,8.798 
0.3420,180.000,7.820 
0.3422,177.000,8.798 
0.3425,186.000,7.820 
0.3428,178.000,7.820 
0.3430,182.000,8.798 
0.3433,180.000,7.820 
0.3435,173.000,7.820 
0.3438,185.000,7.820 
0.3440,179.000,7.820 
0.3442,184.000,10.753 
0.3445,198.000,10.753 
0.3447,184.000,11.730 
0.3450,184.000,11.730 
0.3453,188.000,11.730 
0.3455,192.000,11.730 
0.3458,183.000,8.798 
0.3460,182.000,8.798 
0.3462,185.000,7.820 
0.3465,180.000,7.820 
0.3467,186.000,7.820 
0.3470,187.000,8.798 
0.3473,176.000,7.820 
0.3475,181.000,10.753 
0.3478,178.000,10.753 
0.3480,181.000,10.753 
0.3483,182.000,10.753 
0.3485,161.000,10.753 
0.3487,193.000,11.730 
0.3490,191.000,9.775 
0.3492,175.000,7.820 
0.3495,182.000,7.820 
0.3498,182.000,7.820 
0.3500,173.000,8.798 
0.3503,185.000,7.820 
0.3505,187.000,7.820 
0.3507,198.000,7.820 
0.3510,182.000,7.820 
0.3512,174.000,8.798 
0.3515,180.000,11.730 
0.3517,192.000,11.730 
0.3520,190.000,8.798 
0.3523,175.000,7.820 
0.3525,184.000,7.820 
0.3528,183.000,7.820 
0.3530,184.000,7.820 
0.3532,189.000,7.820 
0.3535,182.000,7.820 
0.3537,185.000,6.843 
0.3540,180.000,7.820 
0.3543,168.000,7.820 
0.3545,198.000,9.775 
0.3548,176.000,10.753 
0.3550,174.000,11.730 
0.3553,183.000,10.753 
0.3555,190.000,10.753 
0.3557,194.000,11.730 
0.3560,182.000,8.798 
0.3562,176.000,8.798 
0.3565,170.000,8.798 
0.3568,190.000,7.820 
0.3570,190.000,7.820 
0.3573,191.000,7.820 
0.3575,192.000,8.798 
0.3577,181.000,7.820 
0.3580,182.000,7.820 
0.3582,193.000,7.820 
0.3585,181.000,7.820 
0.3587,172.000,7.820 
0.3590,188.000,8.798 
0.3593,174.000,10.753 
0.3595,177.000,11.730 
0.3598,186.000,10.753 
0.3600,172.000,8.798 
0.3602,178.000,7.820 
0.3605,193.000,7.820 
0.3607,182.000,7.820 
0.3610,177.000,7.820 
0.3613,181.000,7.820 
0.3615,204.000,7.820 
0.3618,181.000,7.820 
0.3620,185.000,8.798 
0.3623,176.000,10.753 
0.3625,183.000,11.730 
0.3627,185.000,11.730 
0.3630,185.000,11.730 
0.3632,180.000,11.730 
0.3635,179.000,8.798 
0.3638,190.000,8.798 
0.3640,179.000,8.798 
0.3643,173.000,8.798 
0.3645,181.000,7.820 
0.3647,183.000,8.798 
0.3650,197.000,7.820 
0.3652,195.000,7.820 
0.3655,185.000,6.843 
0.3658,179.000,7.820 
0.3660,185.000,10.753 
0.3663,179.000,9.775 
0.3665,183.000,11.730 
0.3668,186.000,11.730 
0.3670,189.000,11.730 
0.3672,185.000,11.730 
0.3675,188.000,8.798 
0.3677,183.000,8.798 
0.3680,180.000,8.798 
0.3683,181.000,8.798 
0.3685,184.000,7.820 
0.3688,187.000,7.820 
0.3690,185.000,7.820 
0.3692,179.000,7.820 
0.3695,194.000,7.820 
0.3697,177.000,10.753 
0.3700,187.000,11.730 
0.3702,185.000,11.730 
0.3705,182.000,8.798 
0.3708,172.000,8.798 
0.3710,187.000,8.798 
0.3713,188.000,8.798 
0.3715,185.000,7.820 
0.3717,182.000,7.820 
0.3720,181.000,7.820 
0.3722,189.000,7.820 
0.3725,189.000,9.775 
0.3728,184.000,10.753 
0.3730,186.000,10.753 
0.3733,192.000,11.730 
0.3735,182.000,11.730 
0.3738,181.000,8.798 
0.3740,190.000,8.798 
0.3742,181.000,7.820 
0.3745,179.000,7.820 
0.3747,178.000,7.820 
0.3750,178.000,7.820 
0.3753,177.000,6.843 
0.3755,188.000,6.843 
0.3758,190.000,10.753 
0.3760,178.000,10.753 
0.3762,176.000,11.730 
0.3765,175.000,11.730 
0.3767,192.000,9.775 
0.3770,191.000,9.775 
0.3772,179.000,8.798 
0.3775,190.000,7.820 
0.3778,182.000,7.820 
0.3780,181.000,7.820 
0.3783,188.000,7.820 
0.3785,176.000,6.843 
0.3787,183.000,7.820 
0.3790,190.000,7.820 
0.3792,185.000,7.820 
0.3795,185.000,7.820 
0.3798,180.000,7.820 
0.3800,174.000,7.820 
0.3803,183.000,8.798 
0.3805,191.000,9.775 
0.3808,174.000,10.753 
0.3810,176.000,11.730 
0.3812,182.000,11.730 
0.3815,185.000,8.798 
0.3817,183.000,8.798 
0.3820,173.000,7.820 
0.3823,183.000,7.820 
0.3825,184.000,7.820 
0.3828,180.000,7.820 
0.3830,182.000,7.820 
0.3832,188.000,10.753 
0.3835,187.000,11.730 
0.3837,169.000,11.730 
0.3840,180.000,9.775 
0.3842,192.000,8.798 
0.3845,177.000,7.820 
0.3848,180.000,7.820 
0.3850,175.000,7.820 
0.3853,185.000,9.775 
0.3855,184.000,10.753 
0.3857,180.000,10.753 
0.3860,184.000,7.820 
0.3862,190.000,7.820 
0.3865,181.000,7.820 
0.3868,193.000,7.820 
0.3870,177.000,7.820 
0.3873,184.000,8.798 
0.3875,182.000,7.820 
0.3877,189.000,9.775 
0.3880,177.000,10.753 
0.3882,185.000,9.775 
0.3885,184.000,11.730 
0.3887,184.000,8.798 
0.3890,188.000,8.798 
0.3893,183.000,8.798 
0.3895,180.000,7.820 
0.3898,179.000,7.820 
0.3900,180.000,7.820 
0.3902,186.000,7.820 
0.3905,195.000,7.820 
0.3907,172.000,7.820 
0.3910,186.000,9.775 
0.3913,186.000,9.775 
0.3915,176.000,10.753 
0.3918,186.000,11.730 
0.3920,179.000,11.730 
0.3923,188.000,11.730 
0.3925,183.000,9.775 
0.3927,175.000,9.775 
0.3930,176.000,8.798 
0.3932,181.000,7.820 
0.3935,191.000,7.820 
0.3938,187.000,7.820 
0.3940,183.000,7.820 
0.3943,183.000,7.820 
0.3945,174.000,7.820 
0.3947,182.000,11.730 
0.3950,177.000,10.753 
0.3952,181.000,10.753 
0.3955,186.000,11.730 
0.3957,178.000,11.730 
0.3960,176.000,8.798 
0.3963,183.000,8.798 
0.3965,185.000,8.798 
0.3968,185.000,7.820 
0.3970,175.000,7.820 
0.3972,181.000,7.820 
0.3975,181.000,7.820 
0.3977,182.000,7.820 
0.3980,181.000,7.820 
0.3983,173.000,10.753 
0.3985,187.000,10.753 
0.3988,181.000,10.753 
0.3990,178.000,9.775 
0.3993,181.000,8.798 
0.3995,178.000,8.798 
0.3997,183.000,7.820 
0.4000,176.000,7.820 
0.4002,174.000,8.798 
0.4005,183.000,7.820 
0.4008,174.000,6.843 
0.4010,181.000,7.820 
0.4013,187.000,7.820 
0.4015,181.000,7.820 
0.4017,178.000,7.820 
0.4020,173.000,7.820 
0.4022,174.000,7.820 
0.4025,189.000,7.820 
0.4027,176.000,10.753 
0.4030,167.000,10.753 
0.4033,180.000,11.730 
0.4035,179.000,11.730 
0.4038,191.000,11.730 
0.4040,188.000,8.798 
0.4042,186.000,8.798 
0.4045,189.000,7.820 
0.4047,186.000,7.820 
0.4050,187.000,7.820 
0.4053,185.000,7.820 
0.4055,186.000,8.798 
0.4058,181.000,7.820 
0.4060,183.000,7.820 
0.4062,181.000,7.820 
0.4065,181.000,7.820 
0.4067,184.000,10.753 
0.4070,189.000,9.775 
0.4072,183.000,10.753 
0.4075,181.000,11.730 
0.4078,184.000,11.730 
0.4080,193.000,9.775 
0.4083,182.000,9.775 
0.4085,190.000,8.798 
0.4087,184.000,8.798 
0.4090,187.000,7.820 
0.4092,183.000,7.820 
0.4095,184.000,7.820 
0.4098,178.000,7.820 
0.4100,173.000,7.820 
0.4103,185.000,7.820 
0.4105,188.000,7.820 
0.4108,190.000,7.820 
0.4110,184.000,7.820 
0.4112,180.000,7.820 
0.4115,189.000,10.753 
0.4117,183.000,10.753 
0.4120,178.000,10.753 
0.4123,193.000,10.753 
0.4125,192.000,11.730 
0.4128,180.000,9.775 
0.4130,178.000,9.775 
0.4132,188.000,8.798 
0.4135,183.000,8.798 
0.4137,179.000,8.798 
0.4140,189.000,8.798 
0.4142,184.000,7.820 
0.4145,183.000,8.798 
0.4148,175.000,8.798 
0.4150,187.000,7.820 
0.4153,188.000,8.798 
0.4155,190.000,8.798 
0.4157,179.000,8.798 
0.4160,188.000,7.820 
0.4162,176.000,8.798 
0.4165,174.000,8.798 
0.4168,187.000,8.798 
0.4170,177.000,8.798 
0.4173,186.000,8.798 
0.4175,184.000,7.820 
0.4178,175.000,8.798 
0.4180,188.000,8.798 
0.4182,174.000,8.798 
0.4185,178.000,7.820 
0.4187,186.000,7.820 
0.4190,182.000,7.820 
0.4193,184.000,8.798 
0.4195,184.000,7.820 
0.4198,183.000,7.820 
0.4200,176.000,7.820 
0.4202,188.000,7.820 
0.4205,181.000,8.798 
0.4207,181.000,8.798 
0.4210,186.000,7.820 
0.4212,172.000,8.798 
0.4215,182.000,8.798 
0.4218,169.000,8.798 
0.4220,183.000,8.798 
0.4223,182.000,11.730 
0.4225,172.000,10.753 
0.4227,177.000,10.753 
0.4230,184.000,10.753 
0.4232,176.000,10.753 
0.4235,187.000,9.775 
0.4238,196.000,10.753 
0.4240,186.000,7.820 
0.4243,171.000,7.820 
0.4245,179.000,7.820 
0.4248,181.000,7.820 
0.4250,194.000,7.820 
0.4252,177.000,7.820 
0.4255,174.000,6.843 
0.4257,178.000,6.843 
0.4260,183.000,6.843 
0.4263,179.000,7.820 
0.4265,184.000,7.820 
0.4268,176.000,7.820 
0.4270,181.000,7.820 
0.4272,187.000,7.820 
0.4275,183.000,7.820 
0.4277,188.000,6.843 
0.4280,185.000,7.820 
0.4283,178.000,7.820 
0.4285,184.000,7.820 
0.4288,180.000,6.843 
0.4290,182.000,7.820 
0.4293,183.000,8.798 
0.4295,164.000,7.820 
0.4297,179.000,7.820 
0.4300,194.000,7.820 
0.4302,176.000,7.820 
0.4305,182.000,7.820 
0.4308,181.000,7.820 
0.4310,173.000,7.820 
0.4313,189.000,8.798 
0.4315,185.000,7.820 
0.4317,177.000,8.798 
0.4320,190.000,8.798 
0.4322,182.000,8.798 
0.4325,184.000,8.798 
0.4327,176.000,8.798 
0.4330,178.000,11.730 
0.4333,195.000,10.753 
0.4335,190.000,10.753 
0.4338,183.000,10.753 
0.4340,180.000,10.753 
0.4342,191.000,11.730 
0.4345,172.000,10.753 
0.4347,183.000,10.753 
0.4350,182.000,9.775 
0.4353,181.000,9.775 
0.4355,185.000,9.775 
0.4358,179.000,9.775 
0.4360,183.000,9.775 
0.4363,181.000,9.775 
0.4365,179.000,7.820 
0.4367,183.000,7.820 
0.4370,179.000,7.820 
0.4372,178.000,7.820 
0.4375,186.000,7.820 
0.4378,175.000,7.820 
0.4380,176.000,9.775 
0.4383,176.000,10.753 
0.4385,175.000,7.820 
0.4387,191.000,7.820 
0.4390,188.000,7.820 
0.4392,187.000,7.820 
0.4395,181.000,7.820 
0.4397,188.000,7.820 
0.4400,181.000,6.843 
0.4403,187.000,6.843 
0.4405,177.000,7.820 
0.4408,184.000,7.820 
0.4410,179.000,7.820 
0.4412,185.000,7.820 
0.4415,191.000,7.820 
0.4417,193.000,7.820 
0.4420,183.000,7.820 
0.4423,186.000,6.843 
0.4425,188.000,7.820 
0.4428,183.000,7.820 
0.4430,174.000,7.820 
0.4433,184.000,8.798 
0.4435,188.000,7.820 
0.4437,184.000,8.798 
0.4440,181.000,7.820 
0.4442,176.000,8.798 
0.4445,191.000,8.798 
0.4448,177.000,8.798 
0.4450,181.000,11.730 
0.4453,186.000,10.753 
0.4455,171.000,11.730 
0.4457,172.000,10.753 
0.4460,184.000,10.753 
0.4462,172.000,10.753 
0.4465,190.000,10.753 
0.4467,182.000,7.820 
0.4470,181.000,6.843 
0.4473,181.000,7.820 
0.4475,186.000,6.843 
0.4478,193.000,6.843 
0.4480,172.000,7.820 
0.4482,186.000,6.843 
0.4485,170.000,7.820 
0.4487,191.000,7.820 
0.4490,187.000,8.798 
0.4493,177.000,7.820 
0.4495,178.000,7.820 
0.4498,175.000,6.843 
0.4500,178.000,7.820 
0.4502,192.000,7.820 
0.4505,183.000,7.820 
0.4507,183.000,6.843 
0.4510,174.000,7.820 
0.4512,181.000,8.798 
0.4515,183.000,8.798 
0.4518,182.000,7.820 
0.4520,187.000,7.820 
0.4523,190.000,7.820 
0.4525,192.000,7.820 
0.4527,184.000,8.798 
0.4530,183.000,7.820 
0.4532,195.000,8.798 
0.4535,193.000,8.798 
0.4538,172.000,8.798 
0.4540,187.000,7.820 
0.4543,184.000,8.798 
0.4545,179.000,7.820 
0.4548,176.000,8.798 
0.4550,186.000,8.798 
0.4552,183.000,8.798 
0.4555,191.000,11.730 
0.4557,187.000,11.730 
0.4560,192.000,10.753 
0.4563,187.000,10.753 
0.4565,179.000,10.753 
0.4568,177.000,10.753 
0.4570,194.000,9.775 
0.4572,183.000,7.820 
0.4575,176.000,9.775 
0.4577,187.000,6.843 
0.4580,193.000,7.820 
0.4582,187.000,6.843 
0.4585,183.000,9.775 
0.4588,172.000,9.775 
0.4590,170.000,9.775 
0.4593,171.000,7.820 
0.4595,172.000,7.820 
0.4597,182.000,7.820 
0.4600,181.000,7.820 
0.4602,176.000,6.843 
0.4605,174.000,10.753 
0.4608,190.000,9.775 
0.4610,174.000,10.753 
0.4613,183.000,10.753 
0.4615,181.000,11.730 
0.4618,177.000,11.730 
0.4620,186.000,10.753 
0.4622,176.000,10.753 
0.4625,180.000,11.730 
0.4627,185.000,10.753 
0.4630,184.000,11.730 
0.4633,178.000,11.730 
0.4635,174.000,11.730 
0.4638,191.000,11.730 
0.4640,190.000,11.730 
0.4642,186.000,11.730 
0.4645,176.000,10.753 
0.4647,185.000,10.753 
0.4650,183.000,11.730 
0.4652,191.000,11.730 
0.4655,178.000,10.753 
0.4658,188.000,10.753 
0.4660,180.000,8.798 
0.4663,181.000,9.775 
0.4665,179.000,8.798 
0.4667,181.000,7.820 
0.4670,187.000,7.820 
0.4672,180.000,8.798 
0.4675,182.000,8.798 
0.4678,192.000,8.798 
0.4680,175.000,8.798 
0.4683,183.000,8.798 
0.4685,187.000,7.820 
0.4688,185.000,7.820 
0.4690,188.000,7.820 
0.4692,184.000,8.798 
0.4695,186.000,7.820 
0.4697,185.000,8.798 
0.4700,183.000,7.820 
0.4703,180.000,7.820 
0.4705,181.000,7.820 
0.4708,180.000,9.775 
0.4710,177.000,9.775 
0.4712,181.000,9.775 
0.4715,182.000,10.753 
0.4717,180.000,10.753 
0.4720,178.000,10.753 
0.4723,182.000,10.753 
0.4725,178.000,11.730 
0.4728,184.000,11.730 
0.4730,189.000,10.753 
0.4733,194.000,8.798 
0.4735,198.000,8.798 
0.4737,189.000,9.775 
0.4740,170.000,8.798 
0.4742,183.000,8.798 
0.4745,188.000,8.798 
0.4748,180.000,8.798 
0.4750,186.000,7.820 
0.4753,182.000,7.820 
0.4755,184.000,7.820 
0.4757,183.000,7.820 
0.4760,188.000,7.820 
0.4762,190.000,6.843 
0.4765,179.000,7.820 
0.4767,188.000,9.775 
0.4770,181.000,10.753 
0.4773,185.000,11.730 
0.4775,187.000,11.730 
0.4778,179.000,11.730 
0.4780,183.000,8.798 
0.4782,179.000,8.798 
0.4785,181.000,8.798 
0.4787,178.000,8.798 
0.4790,197.000,8.798 
0.4793,192.000,7.820 
0.4795,175.000,7.820 
0.4798,194.000,8.798 
0.4800,174.000,6.843 
0.4803,185.000,7.820 
0.4805,183.000,6.843 
0.4807,187.000,6.843 
0.4810,183.000,7.820 
0.4812,189.000,9.775 
0.4815,178.000,10.753 
0.4818,179.000,10.753 
0.4820,192.000,10.753 
0.4823,184.000,10.753 
0.4825,185.000,11.730 
0.4827,193.000,8.798 
0.4830,179.000,9.775 
0.4832,185.000,9.775 
0.4835,183.000,8.798 
0.4837,187.000,7.820 
0.4840,183.000,8.798 
0.4843,185.000,7.820 
0.4845,191.000,7.820 
0.4848,186.000,7.820 
0.4850,186.000,7.820 
0.4852,175.000,7.820 
0.4855,176.000,8.798 
0.4857,174.000,7.820 
0.4860,186.000,7.820 
0.4863,180.000,7.820 
0.4865,181.000,7.820 
0.4868,183.000,7.820 
0.4870,184.000,6.843 
0.4873,177.000,7.820 
0.4875,176.000,7.820 
0.4877,180.000,7.820 
0.4880,194.000,7.820 
0.4882,191.000,8.798 
0.4885,184.000,6.843 
0.4888,180.000,8.798 
0.4890,182.000,7.820 
0.4893,186.000,7.820 
0.4895,172.000,7.820 
0.4897,176.000,6.843 
0.4900,182.000,6.843 
0.4902,182.000,7.820 
0.4905,183.000,7.820 
0.4908,181.000,10.753 
0.4910,190.000,11.730 
0.4913,179.000,11.730 
0.4915,170.000,11.730 
0.4918,182.000,7.820 
0.4920,179.000,8.798 
0.4922,185.000,8.798 
0.4925,183.000,7.820 
0.4927,193.000,8.798 
0.4930,167.000,7.820 
0.4933,185.000,7.820 
0.4935,183.000,7.820 
0.4938,184.000,7.820 
0.4940,185.000,7.820 
0.4942,178.000,7.820 
0.4945,190.000,7.820 
0.4947,178.000,7.820 
0.4950,185.000,7.820 
0.4952,174.000,9.775 
0.4955,191.000,9.775 
0.4958,171.000,7.820 
0.4960,171.000,10.753 
0.4963,195.000,10.753 
0.4965,176.000,10.753 
0.4967,184.000,10.753 
0.4970,203.000,10.753 
0.4972,178.000,10.753 
0.4975,161.000,11.730 
0.4978,179.000,10.753 
0.4980,186.000,10.753 
0.4983,188.000,9.775 
0.4985,181.000,9.775 
0.4988,178.000,9.775 
0.4990,179.000,6.843 
0.4992,177.000,7.820 
0.4995,179.000,7.820 
0.4997,193.000,7.820 
0.5000,181.000,7.820 
0.5002,183.000,9.775 
0.5005,199.000,10.753 
0.5008,191.000,10.753 
0.5010,180.000,10.753 
0.5013,197.000,11.730 
0.5015,167.000,8.798 
0.5017,186.000,8.798 
0.5020,188.000,8.798 
0.5023,182.000,8.798 
0.5025,193.000,8.798 
0.5027,183.000,7.820 
0.5030,175.000,8.798 
0.5033,189.000,7.820 
0.5035,185.000,7.820 
0.5038,181.000,7.820 
0.5040,165.000,7.820 
0.5042,186.000,7.820 
0.5045,202.000,7.820 
0.5048,196.000,6.843 
0.5050,174.000,7.820 
0.5052,251.000,7.820 
0.5055,195.000,7.820 
0.5058,162.000,7.820 
0.5060,193.000,7.820 
0.5063,199.000,7.820 
0.5065,179.000,6.843 
0.5067,126.000,7.820 
0.5070,173.000,7.820 
0.5073,160.000,9.775 
0.5075,204.000,10.753 
0.5077,167.000,10.753 
0.5080,223.000,10.753 
0.5082,208.000,10.753 
0.5085,188.000,10.753 
0.5088,176.000,11.730 
0.5090,167.000,10.753 
0.5092,173.000,11.730 
0.5095,0.000,10.753 
0.5098,231.000,10.753 
0.5100,0.000,11.730 
0.5102,160.000,10.753 
0.5105,195.000,10.753 
0.5107,198.000,11.730 
0.5110,188.000,11.730 
0.5113,149.000,10.753 
0.5115,0.000,11.730 
0.5117,146.000,10.753 
0.5120,0.000,11.730 
0.5123,0.000,11.730 
0.5125,0.000,10.753 
0.5128,0.000,10.753 
0.5130,235.000,9.775 
0.5132,0.000,11.730 
0.5135,0.000,10.753 
0.5138,0.000,7.820 
0.5140,140.000,7.820 
0.5142,178.000,7.820 
0.5145,198.000,7.820 
0.5148,183.000,7.820 
0.5150,192.000,6.843 
0.5153,198.000,6.843 
0.5155,169.000,7.820 
0.5157,164.000,7.820 
0.5160,169.000,8.798 
0.5163,180.000,7.820 
0.5165,180.000,7.820 
0.5167,180.000,7.820 
0.5170,186.000,7.820 
0.5173,182.000,7.820 
0.5175,178.000,7.820 
0.5178,180.000,7.820 
0.5180,177.000,7.820 
0.5182,176.000,7.820 
0.5185,187.000,7.820 
0.5188,183.000,7.820 
0.5190,180.000,8.798 
0.5192,174.000,8.798 
0.5195,194.000,8.798 
0.5197,179.000,8.798 
0.5200,183.000,8.798 
0.5203,197.000,8.798 
0.5205,178.000,7.820 
0.5207,177.000,7.820 
0.5210,173.000,7.820 
0.5213,183.000,7.820 
0.5215,192.000,10.753 
0.5217,173.000,10.753 
0.5220,187.000,10.753 
0.5222,194.000,11.730 
0.5225,166.000,10.753 
0.5228,150.000,11.730 
0.5230,190.000,11.730 
0.5232,188.000,10.753 
0.5235,162.000,10.753 
0.5238,182.000,10.753 
0.5240,172.000,10.753 
0.5242,174.000,10.753 
0.5245,184.000,10.753 
0.5247,187.000,11.730 
0.5250,194.000,10.753 
0.5253,179.000,10.753 
0.5255,183.000,10.753 
0.5257,177.000,10.753 
0.5260,176.000,10.753 
0.5263,172.000,9.775 
0.5265,181.000,9.775 
0.5268,176.000,9.775 
0.5270,189.000,8.798 
0.5272,188.000,8.798 
0.5275,176.000,8.798 
0.5278,168.000,7.820 
0.5280,175.000,6.843 
0.5282,176.000,7.820 
0.5285,184.000,7.820 
0.5288,170.000,7.820 
0.5290,177.000,6.843 
0.5293,178.000,7.820 
0.5295,170.000,7.820 
0.5297,181.000,7.820 
0.5300,183.000,6.843 
0.5303,181.000,7.820 
0.5305,189.000,6.843 
0.5307,174.000,6.843 
0.5310,174.000,7.820 
0.5312,182.000,7.820 
0.5315,181.000,7.820 
0.5318,186.000,7.820 
0.5320,181.000,6.843 
0.5322,186.000,7.820 
0.5325,175.000,7.820 
0.5328,178.000,7.820 
0.5330,186.000,7.820 
0.5332,187.000,7.820 
0.5335,179.000,10.753 
0.5337,194.000,9.775 
0.5340,183.000,9.775 
0.5343,183.000,9.775 
0.5345,187.000,10.753 
0.5347,178.000,9.775 
0.5350,183.000,10.753 
0.5353,184.000,10.753 
0.5355,184.000,10.753 
0.5357,167.000,10.753 
0.5360,179.000,11.730 
0.5362,195.000,11.730 
0.5365,173.000,11.730 
0.5368,180.000,11.730 
0.5370,173.000,8.798 
0.5372,175.000,9.775 
0.5375,174.000,8.798 
0.5378,178.000,8.798 
0.5380,185.000,8.798 
0.5383,187.000,10.753 
0.5385,182.000,11.730 
0.5387,172.000,8.798 
0.5390,180.000,8.798 
0.5393,187.000,10.753 
0.5395,181.000,11.730 
0.5397,168.000,10.753 
0.5400,179.000,10.753 
0.5403,173.000,8.798 
0.5405,196.000,9.775 
0.5408,180.000,8.798 
0.5410,178.000,8.798 
0.5412,189.000,11.730 
0.5415,175.000,11.730 
0.5418,186.000,11.730 
0.5420,171.000,11.730 
0.5422,172.000,10.753 
0.5425,181.000,10.753 
0.5428,187.000,10.753 
0.5430,185.000,10.753 
0.5433,172.000,10.753 
0.5435,188.000,10.753 
0.5437,180.000,10.753 
0.5440,184.000,10.753 
0.5443,181.000,10.753 
0.5445,171.000,11.730 
0.5447,184.000,11.730 
0.5450,175.000,11.730 
0.5452,174.000,10.753 
0.5455,170.000,10.753 
0.5458,175.000,10.753 
0.5460,175.000,9.775 
0.5462,192.000,9.775 
0.5465,192.000,9.775 
0.5468,180.000,10.753 
0.5470,189.000,10.753 
0.5472,186.000,10.753 
0.5475,182.000,10.753 
0.5477,174.000,10.753 
0.5480,188.000,10.753 
0.5483,175.000,10.753 
0.5485,178.000,9.775 
0.5487,184.000,10.753 
0.5490,177.000,9.775 
0.5493,186.000,9.775 
0.5495,171.000,10.753 
0.5497,170.000,10.753 
0.5500,184.000,11.730 
0.5502,181.000,11.730 
0.5505,183.000,11.730 
0.5508,184.000,11.730 
0.5510,181.000,11.730 
0.5512,181.000,11.730 
0.5515,181.000,11.730 
0.5518,185.000,10.753 
0.5520,178.000,11.730 
0.5523,179.000,8.798 
0.5525,179.000,7.820 
0.5527,179.000,8.798 
0.5530,184.000,8.798 
0.5533,181.000,8.798 
0.5535,182.000,8.798 
0.5537,178.000,8.798 
0.5540,183.000,7.820 
0.5543,174.000,7.820 
0.5545,184.000,7.820 
0.5548,179.000,7.820 
0.5550,178.000,8.798 
0.5552,179.000,8.798 
0.5555,181.000,7.820 
0.5558,171.000,7.820 
0.5560,177.000,7.820 
0.5562,172.000,7.820 
0.5565,184.000,7.820 
0.5567,182.000,7.820 
0.5570,186.000,7.820 
0.5573,176.000,9.775 
0.5575,188.000,10.753 
0.5577,174.000,10.753 
0.5580,178.000,9.775 
0.5583,181.000,10.753 
0.5585,185.000,11.730 
0.5587,180.000,10.753 
0.5590,183.000,11.730 
0.5592,177.000,11.730 
0.5595,176.000,10.753 
0.5598,184.000,8.798 
0.5600,183.000,8.798 
0.5602,186.000,7.820 
0.5605,181.000,7.820 
0.5608,183.000,7.820 
0.5610,183.000,7.820 
0.5612,175.000,7.820 
0.5615,192.000,6.843 
0.5617,180.000,10.753 
0.5620,176.000,11.730 
0.5623,172.000,9.775 
0.5625,186.000,8.798 
0.5627,177.000,7.820 
0.5630,183.000,8.798 
0.5633,189.000,7.820 
0.5635,171.000,7.820 
0.5638,185.000,7.820 
0.5640,183.000,10.753 
0.5642,181.000,10.753 
0.5645,172.000,11.730 
0.5648,171.000,12.708 
0.5650,175.000,8.798 
0.5652,182.000,9.775 
0.5655,191.000,7.820 
0.5658,187.000,6.843 
0.5660,189.000,7.820 
0.5663,193.000,6.843 
0.5665,181.000,10.753 
0.5667,185.000,10.753 
0.5670,184.000,11.730 
0.5673,171.000,11.730 
0.5675,179.000,11.730 
0.5677,179.000,9.775 
0.5680,173.000,8.798 
0.5683,183.000,7.820 
0.5685,191.000,7.820 
0.5688,175.000,7.820 
0.5690,179.000,7.820 
0.5692,174.000,7.820 
0.5695,173.000,7.820 
0.5698,180.000,7.820 
0.5700,183.000,7.820 
0.5702,190.000,7.820 
0.5705,186.000,9.775 
0.5707,184.000,9.775 
0.5710,177.000,10.753 
0.5713,171.000,10.753 
0.5715,173.000,10.753 
0.5717,176.000,11.730 
0.5720,163.000,10.753 
0.5723,183.000,11.730 
0.5725,175.000,10.753 
0.5727,187.000,10.753 
0.5730,183.000,10.753 
0.5732,181.000,10.753 
0.5735,167.000,10.753 
0.5738,169.000,10.753 
0.5740,179.000,10.753 
0.5742,170.000,10.753 
0.5745,113.000,11.730 
0.5748,126.000,11.730 
0.5750,188.000,11.730 
0.5753,183.000,11.730 
0.5755,117.000,11.730 
0.5757,109.000,12.708 
0.5760,237.000,11.730 
0.5763,205.000,10.753 
0.5765,168.000,11.730 
0.5767,188.000,11.730 
0.5770,174.000,10.753 
0.5773,193.000,11.730 
0.5775,203.000,11.730 
0.5778,178.000,8.798 
0.5780,150.000,8.798 
0.5782,224.000,8.798 
0.5785,195.000,8.798 
0.5788,187.000,8.798 
0.5790,179.000,7.820 
0.5792,160.000,7.820 
0.5795,159.000,7.820 
0.5798,194.000,7.820 
0.5800,181.000,7.820 
0.5803,203.000,8.798 
0.5805,176.000,7.820 
0.5807,164.000,8.798 
0.5810,181.000,8.798 
0.5813,186.000,8.798 
0.5815,181.000,9.775 
0.5817,172.000,8.798 
0.5820,172.000,8.798 
0.5822,187.000,11.730 
0.5825,193.000,11.730 
0.5828,193.000,11.730 
0.5830,181.000,10.753 
0.5832,176.000,10.753 
0.5835,184.000,11.730 
0.5838,184.000,10.753 
0.5840,178.000,11.730 
0.5842,180.000,9.775 
0.5845,193.000,10.753 
0.5847,189.000,8.798 
0.5850,181.000,7.820 
0.5853,168.000,7.820 
0.5855,172.000,7.820 
0.5857,181.000,7.820 
0.5860,172.000,6.843 
0.5863,178.000,7.820 
0.5865,183.000,7.820 
0.5867,182.000,7.820 
0.5870,184.000,7.820 
0.5872,180.000,7.820 
0.5875,193.000,7.820 
0.5878,174.000,7.820 
0.5880,183.000,7.820 
0.5882,164.000,6.843 
0.5885,164.000,7.820 
0.5888,172.000,7.820 
0.5890,179.000,8.798 
0.5893,179.000,7.820 
0.5895,169.000,8.798 
0.5897,172.000,7.820 
0.5900,177.000,8.798 
0.5903,195.000,7.820 
0.5905,183.000,7.820 
0.5907,184.000,7.820 
0.5910,165.000,7.820 
0.5913,185.000,8.798 
0.5915,173.000,7.820 
0.5918,170.000,7.820 
0.5920,183.000,7.820 
0.5922,187.000,8.798 
0.5925,186.000,8.798 
0.5928,189.000,8.798 
0.5930,189.000,7.820 
0.5932,194.000,8.798 
0.5935,180.000,8.798 
0.5938,171.000,8.798 
0.5940,171.000,8.798 
0.5943,190.000,12.708 
0.5945,183.000,11.730 
0.5947,189.000,11.730 
0.5950,186.000,10.753 
0.5953,190.000,11.730 
0.5955,179.000,11.730 
0.5957,166.000,11.730 
0.5960,177.000,10.753 
0.5962,173.000,10.753 
0.5965,198.000,9.775 
0.5968,191.000,7.820 
0.5970,181.000,10.753 
0.5972,176.000,9.775 
0.5975,195.000,10.753 
0.5978,187.000,10.753 
0.5980,204.000,10.753 
0.5982,180.000,11.730 
0.5985,153.000,8.798 
0.5987,174.000,8.798 
0.5990,187.000,7.820 
0.5993,238.000,8.798 
0.5995,182.000,7.820 
0.5997,130.000,8.798 
0.6000,124.000,7.820 
0.6003,182.000,7.820 
0.6005,182.000,7.820 
0.6008,179.000,7.820 
0.6010,162.000,7.820 
0.6012,166.000,7.820 
0.6015,212.000,7.820 
0.6018,207.000,7.820 
0.6020,189.000,8.798 
0.6022,181.000,8.798 
0.6025,156.000,8.798 
0.6028,168.000,7.820 
0.6030,193.000,7.820 
0.6033,176.000,8.798 
0.6035,185.000,7.820 
0.6037,204.000,7.820 
0.6040,206.000,7.820 
0.6043,210.000,8.798 
0.6045,190.000,8.798 
0.6047,148.000,8.798 
0.6050,158.000,7.820 
0.6053,141.000,8.798 
0.6055,148.000,8.798 
0.6058,173.000,7.820 
0.6060,195.000,7.820 
0.6062,204.000,7.820 
0.6065,192.000,8.798 
0.6068,182.000,7.820 
0.6070,173.000,8.798 
0.6072,165.000,8.798 
0.6075,164.000,8.798 
0.6077,198.000,9.775 
0.6080,216.000,9.775 
0.6083,182.000,11.730 
0.6085,155.000,11.730 
0.6087,156.000,10.753 
0.6090,161.000,10.753 
0.6093,144.000,10.753 
0.6095,176.000,10.753 
0.6097,205.000,11.730 
0.6100,211.000,11.730 
0.6102,212.000,10.753 
0.6105,188.000,10.753 
0.6108,155.000,11.730 
0.6110,164.000,11.730 
0.6112,173.000,10.753 
0.6115,195.000,10.753 
0.6118,192.000,10.753 
0.6120,202.000,10.753 
0.6122,183.000,9.775 
0.6125,175.000,8.798 
0.6127,161.000,7.820 
0.6130,165.000,7.820 
0.6133,174.000,8.798 
0.6135,164.000,7.820 
0.6137,178.000,7.820 
0.6140,178.000,7.820 
0.6143,181.000,8.798 
0.6145,189.000,8.798 
0.6148,186.000,8.798 
0.6150,181.000,11.730 
0.6152,195.000,10.753 
0.6155,189.000,10.753 
0.6158,176.000,10.753 
0.6160,165.000,7.820 
0.6162,177.000,7.820 
0.6165,174.000,7.820 
0.6168,177.000,7.820 
0.6170,176.000,7.820 
0.6173,184.000,7.820 
0.6175,199.000,8.798 
0.6177,186.000,7.820 
0.6180,192.000,8.798 
0.6183,180.000,8.798 
0.6185,183.000,8.798 
0.6187,170.000,11.730 
0.6190,169.000,11.730 
0.6192,169.000,11.730 
0.6195,181.000,10.753 
0.6198,183.000,10.753 
0.6200,183.000,7.820 
0.6202,190.000,7.820 
0.6205,178.000,7.820 
0.6208,195.000,7.820 
0.6210,179.000,7.820 
0.6212,189.000,7.820 
0.6215,187.000,7.820 
0.6217,183.000,7.820 
0.6220,171.000,7.820 
0.6223,179.000,7.820 
0.6225,179.000,8.798 
0.6227,182.000,8.798 
0.6230,181.000,11.730 
0.6233,196.000,11.730 
0.6235,188.000,10.753 
0.6237,187.000,10.753 
0.6240,172.000,10.753 
0.6242,174.000,7.820 
0.6245,180.000,7.820 
0.6248,176.000,7.820 
0.6250,174.000,7.820 
0.6252,182.000,7.820 
0.6255,181.000,6.843 
0.6258,183.000,8.798 
0.6260,190.000,7.820 
0.6263,196.000,8.798 
0.6265,174.000,9.775 
0.6267,191.000,8.798 
0.6270,178.000,10.753 
0.6273,184.000,10.753 
0.6275,174.000,9.775 
0.6277,186.000,6.843 
0.6280,170.000,6.843 
0.6283,190.000,7.820 
0.6285,183.000,7.820 
0.6288,191.000,8.798 
0.6290,185.000,7.820 
0.6292,195.000,8.798 
0.6295,180.000,7.820 
0.6298,187.000,7.820 
0.6300,185.000,8.798 
0.6302,166.000,8.798 
0.6305,170.000,8.798 
0.6308,181.000,9.775 
0.6310,175.000,11.730 
0.6313,192.000,10.753 
0.6315,174.000,10.753 
0.6317,186.000,11.730 
0.6320,181.000,11.730 
0.6323,191.000,11.730 
0.6325,189.000,10.753 
0.6327,166.000,10.753 
0.6330,181.000,8.798 
0.6332,183.000,7.820 
0.6335,179.000,7.820 
0.6338,178.000,7.820 
0.6340,183.000,7.820 
0.6342,180.000,7.820 
0.6345,185.000,7.820 
0.6348,186.000,7.820 
0.6350,176.000,8.798 
0.6352,183.000,8.798 
0.6355,178.000,11.730 
0.6357,179.000,10.753 
0.6360,176.000,11.730 
0.6363,171.000,10.753 
0.6365,172.000,10.753 
0.6367,194.000,9.775 
0.6370,190.000,6.843 
0.6373,177.000,7.820 
0.6375,186.000,7.820 
0.6378,180.000,7.820 
0.6380,181.000,6.843 
0.6382,188.000,6.843 
0.6385,178.000,7.820 
0.6388,178.000,7.820 
0.6390,176.000,8.798 
0.6392,170.000,7.820 
0.6395,181.000,7.820 
0.6398,183.000,8.798 
0.6400,176.000,7.820 
0.6403,172.000,7.820 
0.6405,181.000,7.820 
0.6407,177.000,7.820 
0.6410,191.000,7.820 
0.6413,187.000,8.798 
0.6415,173.000,9.775 
0.6417,178.000,11.730 
0.6420,178.000,11.730 
0.6423,178.000,10.753 
0.6425,176.000,11.730 
0.6428,191.000,10.753 
0.6430,183.000,10.753 
0.6432,182.000,10.753 
0.6435,187.000,10.753 
0.6438,189.000,10.753 
0.6440,168.000,6.843 
0.6442,167.000,7.820 
0.6445,172.000,7.820 
0.6447,183.000,7.820 
0.6450,180.000,7.820 
0.6453,181.000,7.820 
0.6455,178.000,7.820 
0.6457,181.000,7.820 
0.6460,186.000,7.820 
0.6463,177.000,8.798 
0.6465,172.000,7.820 
0.6467,172.000,8.798 
0.6470,176.000,8.798 
0.6472,187.000,11.730 
0.6475,178.000,11.730 
0.6478,181.000,10.753 
0.6480,175.000,6.843 
0.6482,182.000,7.820 
0.6485,182.000,7.820 
0.6488,176.000,6.843 
0.6490,171.000,7.820 
0.6492,174.000,7.820 
0.6495,175.000,8.798 
0.6497,180.000,8.798 
0.6500,171.000,9.775 
0.6503,181.000,8.798 
0.6505,184.000,10.753 
0.6507,177.000,10.753 
0.6510,188.000,11.730 
0.6513,182.000,10.753 
0.6515,190.000,9.775 
0.6518,199.000,6.843 
0.6520,179.000,7.820 
0.6522,168.000,8.798 
0.6525,174.000,7.820 
0.6528,183.000,7.820 
0.6530,176.000,7.820 
0.6532,177.000,7.820 
0.6535,176.000,7.820 
0.6538,183.000,8.798 
0.6540,178.000,8.798 
0.6543,181.000,8.798 
0.6545,177.000,11.730 
0.6547,190.000,11.730 
0.6550,173.000,10.753 
0.6553,182.000,11.730 
0.6555,185.000,10.753 
0.6557,185.000,10.753 
0.6560,177.000,10.753 
0.6562,173.000,10.753 
0.6565,184.000,9.775 
0.6568,194.000,10.753 
0.6570,178.000,10.753 
0.6572,171.000,10.753 
0.6575,175.000,10.753 
0.6578,181.000,10.753 
0.6580,172.000,10.753 
0.6582,174.000,10.753 
0.6585,181.000,10.753 
0.6587,173.000,9.775 
0.6590,196.000,6.843 
0.6593,191.000,7.820 
0.6595,187.000,6.843 
0.6597,181.000,7.820 
0.6600,172.000,7.820 
0.6603,179.000,7.820 
0.6605,182.000,7.820 
0.6607,187.000,7.820 
0.6610,187.000,7.820 
0.6612,174.000,7.820 
0.6615,178.000,7.820 
0.6618,175.000,8.798 
0.6620,182.000,8.798 
0.6622,175.000,7.820 
0.6625,185.000,7.820 
0.6628,179.000,7.820 
0.6630,169.000,7.820 
0.6633,177.000,8.798 
0.6635,186.000,8.798 
0.6637,194.000,8.798 
0.6640,185.000,8.798 
0.6643,194.000,8.798 
0.6645,183.000,8.798 
0.6647,178.000,8.798 
0.6650,185.000,8.798 
0.6653,180.000,8.798 
0.6655,186.000,8.798 
0.6658,178.000,8.798 
0.6660,184.000,8.798 
0.6662,187.000,8.798 
0.6665,183.000,10.753 
0.6668,180.000,11.730 
0.6670,186.000,10.753 
0.6672,175.000,11.730 
0.6675,186.000,10.753 
0.6678,186.000,10.753 
0.6680,178.000,9.775 
0.6683,177.000,10.753 
0.6685,183.000,10.753 
0.6687,188.000,7.820 
0.6690,181.000,7.820 
0.6693,191.000,7.820 
0.6695,187.000,7.820 
0.6697,189.000,7.820 
0.6700,184.000,7.820 
0.6702,177.000,7.820 
0.6705,186.000,6.843 
0.6708,186.000,7.820 
0.6710,176.000,7.820 
0.6712,170.000,7.820 
0.6715,177.000,8.798 
0.6718,175.000,7.820 
0.6720,174.000,7.820 
0.6722,184.000,7.820 
0.6725,173.000,8.798 
0.6727,255.000,7.820 
0.6730,196.000,7.820 
0.6733,155.000,6.843 
0.6735,118.000,7.820 
0.6737,189.000,7.820 
0.6740,196.000,6.843 
0.6743,189.000,7.820 
0.6745,157.000,8.798 
0.6747,176.000,7.820 
0.6750,186.000,6.843 
0.6752,195.000,7.820 
0.6755,184.000,7.820 
0.6758,169.000,7.820 
0.6760,178.000,7.820 
0.6762,182.000,7.820 
0.6765,177.000,6.843 
0.6768,202.000,7.820 
0.6770,213.000,7.820 
0.6773,170.000,8.798 
0.6775,178.000,7.820 
0.6777,180.000,10.753 
0.6780,181.000,10.753 
0.6783,189.000,7.820 
0.6785,165.000,6.843 
0.6787,173.000,7.820 
0.6790,168.000,6.843 
0.6793,194.000,7.820 
0.6795,172.000,7.820 
0.6798,172.000,7.820 
0.6800,175.000,7.820 
0.6802,177.000,7.820 
0.6805,181.000,7.820 
0.6808,176.000,7.820 
0.6810,175.000,7.820 
0.6812,189.000,7.820 
0.6815,183.000,7.820 
0.6817,182.000,7.820 
0.6820,181.000,7.820 
0.6823,184.000,7.820 
0.6825,183.000,7.820 
0.6827,183.000,7.820 
0.6830,167.000,8.798 
0.6833,175.000,7.820 
0.6835,175.000,8.798 
0.6837,176.000,8.798 
0.6840,184.000,7.820 
0.6842,192.000,8.798 
0.6845,189.000,7.820 
0.6848,187.000,7.820 
0.6850,181.000,7.820 
0.6852,183.000,7.820 
0.6855,174.000,8.798 
0.6858,169.000,8.798 
0.6860,177.000,8.798 
0.6862,191.000,8.798 
0.6865,183.000,9.775 
0.6867,189.000,10.753 
0.6870,186.000,11.730 
0.6873,185.000,11.730 
0.6875,179.000,10.753 
0.6877,179.000,10.753 
0.6880,183.000,11.730 
0.6883,186.000,10.753 
0.6885,173.000,10.753 
0.6888,188.000,7.820 
0.6890,183.000,7.820 
0.6892,194.000,7.820 
0.6895,174.000,7.820 
0.6898,185.000,7.820 
0.6900,170.000,8.798 
0.6902,190.000,8.798 
0.6905,179.000,11.730 
0.6908,182.000,11.730 
0.6910,185.000,11.730 
0.6913,176.000,10.753 
0.6915,175.000,9.775 
0.6917,195.000,7.820 
0.6920,183.000,7.820 
0.6923,197.000,7.820 
0.6925,187.000,7.820 
0.6927,186.000,7.820 
0.6930,183.000,7.820 
0.6933,175.000,7.820 
0.6935,177.000,7.820 
0.6938,179.000,7.820 
0.6940,181.000,7.820 
0.6942,183.000,8.798 
0.6945,194.000,8.798 
0.6948,207.000,7.820 
0.6950,183.000,7.820 
0.6952,173.000,7.820 
0.6955,185.000,7.820 
0.6957,187.000,6.843 
0.6960,181.000,7.820 
0.6963,183.000,7.820 
0.6965,188.000,6.843 
0.6967,178.000,7.820 
0.6970,170.000,7.820 
0.6973,174.000,7.820 
0.6975,170.000,7.820 
0.6977,183.000,7.820 
0.6980,188.000,7.820 
0.6982,181.000,7.820 
0.6985,196.000,8.798 
0.6988,176.000,7.820 
0.6990,182.000,7.820 
0.6992,182.000,7.820 
0.6995,197.000,7.820 
0.6998,178.000,7.820 
0.7000,188.000,7.820 
0.7003,183.000,6.843 
0.7005,190.000,7.820 
0.7007,186.000,7.820 
0.7010,173.000,7.820 
0.7013,180.000,7.820 
0.7015,181.000,6.843 
0.7017,181.000,7.820 
0.7020,186.000,7.820 
0.7023,179.000,6.843 
0.7025,181.000,7.820 
0.7028,172.000,7.820 
0.7030,180.000,9.775 
0.7032,188.000,11.730 
0.7035,188.000,10.753 
0.7038,180.000,10.753 
0.7040,186.000,10.753 
0.7042,184.000,10.753 
0.7045,183.000,11.730 
0.7048,183.000,11.730 
0.7050,187.000,11.730 
0.7053,178.000,10.753 
0.7055,181.000,11.730 
0.7057,186.000,11.730 
0.7060,181.000,11.730 
0.7063,182.000,10.753 
0.7065,178.000,10.753 
0.7067,183.000,10.753 
0.7070,175.000,10.753 
0.7072,179.000,10.753 
0.7075,184.000,11.730 
0.7078,178.000,11.730 
0.7080,186.000,11.730 
0.7082,195.000,11.730 
0.7085,209.000,10.753 
0.7088,217.000,10.753 
0.7090,196.000,11.730 
0.7092,192.000,11.730 
0.7095,174.000,10.753 
0.7097,179.000,10.753 
0.7100,216.000,11.730 
0.7103,240.000,11.730 
0.7105,253.000,11.730 
0.7107,213.000,9.775 
0.7110,155.000,8.798 
0.7113,175.000,8.798 
0.7115,146.000,8.798 
0.7117,202.000,8.798 
0.7120,181.000,8.798 
0.7122,180.000,7.820 
0.7125,190.000,7.820 
0.7128,159.000,9.775 
0.7130,184.000,7.820 
0.7132,184.000,8.798 
0.7135,170.000,7.820 
0.7138,168.000,8.798 
0.7140,203.000,7.820 
0.7143,213.000,8.798 
0.7145,182.000,7.820 
0.7147,188.000,8.798 
0.7150,171.000,7.820 
0.7153,178.000,7.820 
0.7155,179.000,7.820 
0.7157,175.000,7.820 
0.7160,180.000,6.843 
0.7163,185.000,7.820 
0.7165,186.000,7.820 
0.7168,182.000,9.775 
0.7170,176.000,10.753 
0.7172,175.000,10.753 
0.7175,180.000,11.730 
0.7178,175.000,10.753 
0.7180,188.000,8.798 
0.7182,180.000,7.820 
0.7185,183.000,7.820 
0.7188,182.000,8.798 
0.7190,189.000,8.798 
0.7193,188.000,8.798 
0.7195,172.000,7.820 
0.7197,173.000,8.798 
0.7200,187.000,7.820 
0.7203,192.000,8.798 
0.7205,192.000,7.820 
0.7207,182.000,7.820 
0.7210,183.000,7.820 
0.7212,184.000,7.820 
0.7215,186.000,7.820 
0.7218,187.000,8.798 
0.7220,183.000,8.798 
0.7222,196.000,7.820 
0.7225,189.000,7.820 
0.7228,197.000,7.820 
0.7230,184.000,7.820 
0.7232,183.000,7.820 
0.7235,170.000,6.843 
0.7237,190.000,7.820 
0.7240,174.000,7.820 
0.7243,183.000,7.820 
0.7245,177.000,7.820 
0.7247,180.000,6.843 
0.7250,194.000,7.820 
0.7253,205.000,7.820 
0.7255,172.000,7.820 
0.7258,178.000,7.820 
0.7260,187.000,7.820 
0.7262,190.000,7.820 
0.7265,188.000,7.820 
0.7268,199.000,7.820 
0.7270,152.000,7.820 
0.7272,183.000,7.820 
0.7275,187.000,7.820 
0.7278,184.000,7.820 
0.7280,172.000,7.820 
0.7283,195.000,7.820 
0.7285,191.000,8.798 
0.7287,168.000,7.820 
0.7290,189.000,8.798 
0.7293,203.000,7.820 
0.7295,187.000,8.798 
0.7297,177.000,8.798 
0.7300,175.000,8.798 
0.7303,184.000,11.730 
0.7305,183.000,11.730 
0.7308,189.000,10.753 
0.7310,196.000,10.753 
0.7312,179.000,11.730 
0.7315,186.000,11.730 
0.7318,163.000,11.730 
0.7320,184.000,10.753 
0.7322,191.000,11.730 
0.7325,176.000,11.730 
0.7327,186.000,10.753 
0.7330,176.000,11.730 
0.7333,224.000,11.730 
0.7335,193.000,11.730 
0.7337,168.000,8.798 
0.7340,151.000,8.798 
0.7343,215.000,8.798 
0.7345,187.000,8.798 
0.7347,206.000,8.798 
0.7350,184.000,7.820 
0.7352,176.000,8.798 
0.7355,200.000,7.820 
0.7358,157.000,8.798 
0.7360,192.000,8.798 
0.7362,196.000,7.820 
0.7365,188.000,7.820 
0.7368,185.000,7.820 
0.7370,191.000,8.798 
0.7372,183.000,7.820 
0.7375,193.000,7.820 
0.7377,178.000,7.820 
0.7380,181.000,7.820 
0.7383,198.000,7.820 
0.7385,178.000,8.798 
0.7387,181.000,7.820 
0.7390,177.000,7.820 
0.7393,194.000,10.753 
0.7395,186.000,10.753 
0.7398,192.000,10.753 
0.7400,169.000,11.730 
0.7402,186.000,8.798 
0.7405,181.000,8.798 
0.7408,188.000,8.798 
0.7410,188.000,8.798 
0.7412,193.000,8.798 
0.7415,193.000,7.820 
0.7418,168.000,7.820 
0.7420,168.000,6.843 
0.7423,179.000,7.820 
0.7425,189.000,7.820 
0.7427,164.000,7.820 
0.7430,192.000,7.820 
0.7433,180.000,7.820 
0.7435,176.000,7.820 
0.7437,183.000,7.820 
0.7440,186.000,7.820 
0.7442,152.000,7.820 
0.7445,165.000,6.843 
0.7448,225.000,7.820 
0.7450,224.000,7.820 
0.7452,174.000,6.843 
0.7455,162.000,7.820 
0.7458,185.000,7.820 
0.7460,180.000,7.820 
0.7462,183.000,7.820 
0.7465,193.000,7.820 
0.7467,183.000,7.820 
0.7470,173.000,7.820 
0.7473,174.000,7.820 
0.7475,167.000,7.820 
0.7477,156.000,6.843 
0.7480,160.000,7.820 
0.7483,155.000,7.820 
0.7485,166.000,7.820 
0.7487,194.000,6.843 
0.7490,200.000,7.820 
0.7492,191.000,7.820 
0.7495,209.000,8.798 
0.7498,211.000,7.820 
0.7500,322.000,10.753 
0.7502,101.000,10.753 
0.7505,46.000,10.753 
0.7508,-236.000,10.753 
0.7510,40.000,10.753 
0.7513,211.000,11.730 
0.7515,399.000,9.775 
0.7517,321.000,8.798 
0.7520,78.000,8.798 
0.7523,180.000,7.820 
0.7525,75.000,7.820 
0.7527,357.000,7.820 
0.7530,141.000,7.820 
0.7533,144.000,7.820 
0.7535,142.000,7.820 
0.7538,235.000,7.820 
0.7540,244.000,7.820 
0.7542,181.000,7.820 
0.7545,164.000,7.820 
0.7548,160.000,7.820 
0.7550,156.000,6.843 
0.7552,236.000,8.798 
0.7555,203.000,6.843 
0.7558,163.000,10.753 
0.7560,205.000,10.753 
0.7563,164.000,10.753 
0.7565,174.000,10.753 
0.7567,186.000,11.730 
0.7570,176.000,11.730 
0.7573,175.000,11.730 
0.7575,189.000,10.753 
0.7577,180.000,8.798 
0.7580,186.000,8.798 
0.7582,197.000,9.775 
0.7585,183.000,7.820 
0.7588,184.000,8.798 
0.7590,182.000,8.798 
0.7592,175.000,6.843 
0.7595,174.000,7.820 
0.7598,180.000,7.820 
0.7600,193.000,7.820 
0.7602,190.000,7.820 
0.7605,162.000,7.820 
0.7607,183.000,10.753 
0.7610,171.000,10.753 
0.7613,185.000,10.753 
0.7615,202.000,10.753 
0.7617,181.000,10.753 
0.7620,176.000,8.798 
0.7623,177.000,8.798 
0.7625,173.000,9.775 
0.7628,178.000,8.798 
0.7630,189.000,9.775 
0.7632,189.000,8.798 
0.7635,188.000,8.798 
0.7638,194.000,8.798 
0.7640,181.000,8.798 
0.7642,182.000,7.820 
0.7645,181.000,8.798 
0.7648,187.000,7.820 
0.7650,181.000,7.820 
0.7653,173.000,7.820 
0.7655,175.000,7.820 
0.7657,183.000,7.820 
0.7660,190.000,7.820 
0.7663,183.000,7.820 
0.7665,176.000,7.820 
0.7667,182.000,7.820 
0.7670,185.000,6.843 
0.7673,186.000,7.820 
0.7675,183.000,10.753 
0.7678,176.000,10.753 
0.7680,178.000,10.753 
0.7682,193.000,11.730 
0.7685,189.000,11.730 
0.7688,180.000,8.798 
0.7690,188.000,8.798 
0.7692,191.000,8.798 
0.7695,186.000,7.820 
0.7697,186.000,7.820 
0.7700,183.000,7.820 
0.7703,184.000,7.820 
0.7705,177.000,7.820 
0.7707,187.000,7.820 
0.7710,174.000,7.820 
0.7713,182.000,7.820 
0.7715,177.000,7.820 
0.7717,186.000,7.820 
0.7720,186.000,7.820 
0.7722,194.000,10.753 
0.7725,181.000,10.753 
0.7728,193.000,11.730 
0.7730,184.000,11.730 
0.7732,178.000,8.798 
0.7735,197.000,8.798 
0.7738,181.000,8.798 
0.7740,179.000,7.820 
0.7742,184.000,8.798 
0.7745,166.000,8.798 
0.7747,187.000,7.820 
0.7750,183.000,7.820 
0.7753,182.000,7.820 
0.7755,171.000,6.843 
0.7757,187.000,7.820 
0.7760,186.000,7.820 
0.7763,181.000,7.820 
0.7765,175.000,7.820 
0.7768,176.000,9.775 
0.7770,193.000,9.775 
0.7772,172.000,10.753 
0.7775,181.000,10.753 
0.7778,176.000,10.753 
0.7780,186.000,10.753 
0.7782,185.000,11.730 
0.7785,179.000,10.753 
0.7788,173.000,8.798 
0.7790,183.000,7.820 
0.7793,181.000,8.798 
0.7795,183.000,7.820 
0.7797,191.000,7.820 
0.7800,192.000,7.820 
0.7803,179.000,7.820 
0.7805,180.000,7.820 
0.7807,177.000,7.820 
0.7810,183.000,6.843 
0.7812,183.000,7.820 
0.7815,180.000,9.775 
0.7818,174.000,10.753 
0.7820,180.000,11.730 
0.7822,178.000,11.730 
0.7825,170.000,10.753 
0.7828,192.000,8.798 
0.7830,179.000,8.798 
0.7832,181.000,7.820 
0.7835,173.000,8.798 
0.7837,185.000,7.820 
0.7840,184.000,6.843 
0.7843,186.000,7.820 
0.7845,180.000,7.820 
0.7847,184.000,7.820 
0.7850,182.000,10.753 
0.7853,183.000,10.753 
0.7855,180.000,10.753 
0.7857,186.000,11.730 
0.7860,178.000,11.730 
0.7862,183.000,9.775 
0.7865,179.000,8.798 
0.7868,174.000,8.798 
0.7870,168.000,8.798 
0.7872,182.000,8.798 
0.7875,172.000,7.820 
0.7878,183.000,7.820 
0.7880,174.000,7.820 
0.7883,181.000,7.820 
0.7885,183.000,7.820 
0.7887,179.000,7.820 
0.7890,196.000,9.775 
0.7893,179.000,10.753 
0.7895,179.000,11.730 
0.7897,177.000,10.753 
0.7900,174.000,11.730 
0.7903,180.000,11.730 
0.7905,175.000,8.798 
0.7908,177.000,8.798 
0.7910,174.000,8.798 
0.7912,182.000,9.775 
0.7915,98.000,8.798 
0.7918,-55.000,8.798 
0.7920,314.000,7.820 
0.7922,457.000,8.798 
0.7925,206.000,8.798 
0.7928,199.000,8.798 
0.7930,457.000,8.798 
0.7933,355.000,8.798 
0.7935,354.000,9.775 
0.7937,30.000,9.775 
0.7940,49.000,9.775 
0.7943,275.000,8.798 
0.7945,232.000,8.798 
0.7947,230.000,8.798 
0.7950,97.000,8.798 
0.7952,120.000,8.798 
0.7955,166.000,8.798 
0.7958,183.000,11.730 
0.7960,150.000,11.730 
0.7962,141.000,11.730 
0.7965,151.000,11.730 
0.7968,261.000,11.730 
0.7970,322.000,8.798 
0.7972,236.000,8.798 
0.7975,127.000,7.820 
0.7977,150.000,8.798 
0.7980,189.000,8.798 
0.7983,233.000,8.798 
0.7985,207.000,9.775 
0.7987,140.000,8.798 
0.7990,131.000,8.798 
0.7993,178.000,8.798 
0.7995,199.000,8.798 
0.7997,138.000,8.798 
0.8000,137.000,8.798 
0.8002,163.000,8.798 
0.8005,144.000,8.798 
0.8008,62.000,7.820 
0.8010,123.000,7.820 
0.8012,228.000,7.820 
0.8015,241.000,7.820 
0.8018,189.000,7.820 
0.8020,192.000,7.820 
0.8023,204.000,8.798 
0.8025,58.000,7.820 
0.8027,-145.000,8.798 
0.8030,-132.000,7.820 
0.8033,-52.000,7.820 
0.8035,377.000,7.820 
0.8037,365.000,7.820 
0.8040,528.000,8.798 
0.8043,52.000,6.843 
0.8045,-257.000,7.820 
0.8048,-552.000,7.820 
0.8050,74.000,8.798 
0.8052,626.000,8.798 
0.8055,282.000,7.820 
0.8058,404.000,7.820 
0.8060,3.000,7.820 
0.8062,338.000,7.820 
0.8065,185.000,7.820 
0.8067,245.000,7.820 
0.8070,95.000,7.820 
0.8073,-32.000,7.820 
0.8075,197.000,7.820 
0.8077,267.000,7.820 
0.8080,330.000,7.820 
0.8083,53.000,7.820 
0.8085,87.000,6.843 
0.8087,127.000,7.820 
0.8090,136.000,6.843 
0.8092,241.000,7.820 
0.8095,240.000,8.798 
0.8098,181.000,7.820 
0.8100,224.000,7.820 
0.8102,171.000,9.775 
0.8105,150.000,10.753 
0.8108,169.000,11.730 
0.8110,142.000,11.730 
0.8112,161.000,11.730 
0.8115,203.000,8.798 
0.8117,203.000,7.820 
0.8120,197.000,7.820 
0.8123,205.000,7.820 
0.8125,188.000,7.820 
0.8127,178.000,7.820 
0.8130,165.000,7.820 
0.8133,175.000,6.843 
0.8135,183.000,7.820 
0.8138,194.000,7.820 
0.8140,199.000,7.820 
0.8142,187.000,6.843 
0.8145,167.000,7.820 
0.8148,171.000,9.775 
0.8150,166.000,10.753 
0.8152,177.000,11.730 
0.8155,204.000,10.753 
0.8158,177.000,11.730 
0.8160,194.000,11.730 
0.8163,189.000,8.798 
0.8165,171.000,8.798 
0.8167,182.000,8.798 
0.8170,197.000,7.820 
0.8173,165.000,8.798 
0.8175,179.000,8.798 
0.8177,190.000,8.798 
0.8180,170.000,8.798 
0.8183,175.000,8.798 
0.8185,182.000,8.798 
0.8188,179.000,7.820 
0.8190,177.000,8.798 
0.8192,172.000,7.820 
0.8195,182.000,7.820 
0.8198,197.000,7.820 
0.8200,187.000,7.820 
0.8202,187.000,7.820 
0.8205,183.000,7.820 
0.8207,179.000,7.820 
0.8210,177.000,7.820 
0.8213,166.000,7.820 
0.8215,176.000,7.820 
0.8217,174.000,7.820 
0.8220,182.000,7.820 
0.8223,167.000,7.820 
0.8225,183.000,7.820 
0.8227,190.000,7.820 
0.8230,187.000,7.820 
0.8232,182.000,8.798 
0.8235,186.000,7.820 
0.8238,177.000,7.820 
0.8240,185.000,7.820 
0.8242,179.000,8.798 
0.8245,174.000,8.798 
0.8248,176.000,8.798 
0.8250,182.000,11.730 
0.8253,181.000,11.730 
0.8255,181.000,12.708 
0.8257,185.000,11.730 
0.8260,186.000,11.730 
0.8263,173.000,10.753 
0.8265,182.000,10.753 
0.8267,184.000,11.730 
0.8270,187.000,11.730 
0.8273,185.000,10.753 
0.8275,191.000,11.730 
0.8278,183.000,11.730 
0.8280,182.000,11.730 
0.8282,193.000,10.753 
0.8285,183.000,10.753 
0.8288,180.000,11.730 
0.8290,186.000,10.753 
0.8292,172.000,10.753 
0.8295,187.000,10.753 
0.8298,178.000,10.753 
0.8300,181.000,11.730 
0.8303,180.000,11.730 
0.8305,182.000,11.730 
0.8307,198.000,11.730 
0.8310,186.000,11.730 
0.8313,182.000,11.730 
0.8315,177.000,11.730 
0.8317,172.000,11.730 
0.8320,184.000,11.730 
0.8322,177.000,10.753 
0.8325,192.000,11.730 
0.8328,176.000,11.730 
0.8330,180.000,11.730 
0.8332,179.000,8.798 
0.8335,183.000,9.775 
0.8338,186.000,8.798 
0.8340,181.000,8.798 
0.8342,181.000,11.730 
0.8345,180.000,11.730 
0.8347,191.000,11.730 
0.8350,183.000,11.730 
0.8353,177.000,9.775 
0.8355,178.000,8.798 
0.8357,185.000,8.798 
0.8360,180.000,8.798 
0.8363,175.000,8.798 
0.8365,177.000,7.820 
0.8367,189.000,7.820 
0.8370,178.000,7.820 
0.8372,181.000,8.798 
0.8375,183.000,7.820 
0.8378,181.000,7.820 
0.8380,175.000,7.820 
0.8382,184.000,7.820 
0.8385,176.000,8.798 
0.8388,177.000,6.843 
0.8390,182.000,7.820 
0.8393,184.000,7.820 
0.8395,181.000,7.820 
0.8397,190.000,8.798 
0.8400,183.000,7.820 
0.8403,195.000,8.798 
0.8405,177.000,7.820 
0.8407,179.000,7.820 
0.8410,181.000,6.843 
0.8413,184.000,6.843 
0.8415,194.000,6.843 
0.8418,174.000,7.820 
0.8420,185.000,7.820 
0.8422,194.000,7.820 
0.8425,182.000,6.843 
0.8428,185.000,7.820 
0.8430,182.000,10.753 
0.8432,191.000,10.753 
0.8435,185.000,10.753 
0.8438,175.000,10.753 
0.8440,180.000,11.730 
0.8443,183.000,10.753 
0.8445,183.000,11.730 
0.8447,181.000,10.753 
0.8450,180.000,11.730 
0.8453,188.000,11.730 
0.8455,175.000,11.730 
0.8457,183.000,11.730 
0.8460,180.000,11.730 
0.8462,177.000,11.730 
0.8465,184.000,10.753 
0.8468,170.000,10.753 
0.8470,183.000,11.730 
0.8472,181.000,8.798 
0.8475,172.000,8.798 
0.8478,153.000,8.798 
0.8480,230.000,8.798 
0.8482,165.000,8.798 
0.8485,97.000,8.798 
0.8487,242.000,7.820 
0.8490,199.000,7.820 
0.8493,169.000,8.798 
0.8495,134.000,7.820 
0.8497,331.000,6.843 
0.8500,189.000,7.820 
0.8503,224.000,7.820 
0.8505,186.000,7.820 
0.8508,190.000,7.820 
0.8510,237.000,7.820 
0.8512,257.000,8.798 
0.8515,227.000,7.820 
0.8518,112.000,8.798 
0.8520,122.000,7.820 
0.8522,223.000,7.820 
0.8525,226.000,7.820 
0.8528,230.000,7.820 
0.8530,191.000,7.820 
0.8533,184.000,6.843 
0.8535,215.000,7.820 
0.8537,170.000,7.820 
0.8540,157.000,7.820 
0.8543,153.000,7.820 
0.8545,186.000,7.820 
0.8547,170.000,7.820 
0.8550,188.000,7.820 
0.8553,159.000,8.798 
0.8555,160.000,7.820 
0.8558,172.000,7.820 
0.8560,175.000,6.843 
0.8562,-105.000,7.820 
0.8565,61.000,7.820 
0.8568,499.000,7.820 
0.8570,428.000,7.820 
0.8572,-20.000,7.820 
0.8575,63.000,6.843 
0.8577,41.000,7.820 
0.8580,226.000,7.820 
0.8583,336.000,7.820 
0.8585,65.000,7.820 
0.8587,87.000,8.798 
0.8590,154.000,7.820 
0.8593,237.000,7.820 
0.8595,142.000,8.798 
0.8597,105.000,7.820 
0.8600,97.000,8.798 
0.8602,155.000,7.820 
0.8605,195.000,8.798 
0.8608,304.000,7.820 
0.8610,214.000,7.820 
0.8612,149.000,8.798 
0.8615,190.000,7.820 
0.8618,116.000,8.798 
0.8620,172.000,7.820 
0.8622,204.000,7.820 
0.8625,211.000,7.820 
0.8627,165.000,7.820 
0.8630,124.000,7.820 
0.8633,151.000,7.820 
0.8635,202.000,7.820 
0.8637,176.000,7.820 
0.8640,157.000,7.820 
0.8643,188.000,10.753 
0.8645,190.000,10.753 
0.8648,194.000,10.753 
0.8650,214.000,11.730 
0.8652,202.000,10.753 
0.8655,171.000,11.730 
0.8658,153.000,10.753 
0.8660,158.000,8.798 
0.8662,163.000,8.798 
0.8665,174.000,8.798 
0.8668,180.000,8.798 
0.8670,190.000,9.775 
0.8673,185.000,8.798 
0.8675,178.000,8.798 
0.8677,198.000,8.798 
0.8680,183.000,8.798 
0.8683,176.000,8.798 
0.8685,166.000,7.820 
0.8687,174.000,7.820 
0.8690,183.000,7.820 
0.8692,183.000,7.820 
0.8695,188.000,7.820 
0.8698,188.000,7.820 
0.8700,190.000,7.820 
0.8702,174.000,10.753 
0.8705,177.000,10.753 
0.8708,185.000,10.753 
0.8710,176.000,11.730 
0.8712,176.000,10.753 
0.8715,183.000,11.730 
0.8717,185.000,8.798 
0.8720,188.000,8.798 
0.8723,183.000,7.820 
0.8725,197.000,8.798 
0.8727,189.000,8.798 
0.8730,180.000,8.798 
0.8733,190.000,7.820 
0.8735,182.000,8.798 
0.8737,183.000,7.820 
0.8740,186.000,10.753 
0.8742,175.000,11.730 
0.8745,182.000,11.730 
0.8748,187.000,11.730 
0.8750,179.000,8.798 
0.8752,184.000,8.798 
0.8755,193.000,9.775 
0.8758,181.000,9.775 
0.8760,179.000,8.798 
0.8763,174.000,7.820 
0.8765,177.000,7.820 
0.8767,187.000,7.820 
0.8770,181.000,7.820 
0.8773,173.000,7.820 
0.8775,178.000,7.820 
0.8777,184.000,7.820 
0.8780,181.000,7.820 
0.8783,183.000,10.753 
0.8785,176.000,10.753 
0.8788,175.000,10.753 
0.8790,185.000,11.730 
0.8792,182.000,11.730 
0.8795,187.000,11.730 
0.8798,176.000,11.730 
0.8800,181.000,8.798 
0.8802,164.000,10.753 
0.8805,169.000,8.798 
0.8808,184.000,8.798 
0.8810,174.000,7.820 
0.8813,186.000,8.798 
0.8815,185.000,8.798 
0.8817,181.000,6.843 
0.8820,184.000,8.798 
0.8823,180.000,7.820 
0.8825,167.000,7.820 
0.8827,191.000,6.843 
0.8830,174.000,6.843 
0.8832,171.000,7.820 
0.8835,176.000,7.820 
0.8838,181.000,9.775 
0.8840,182.000,7.820 
0.8842,187.000,7.820 
0.8845,180.000,10.753 
0.8848,182.000,9.775 
0.8850,171.000,10.753 
0.8852,183.000,10.753 
0.8855,176.000,10.753 
0.8857,177.000,10.753 
0.8860,188.000,11.730 
0.8863,179.000,8.798 
0.8865,189.000,8.798 
0.8867,187.000,8.798 
0.8870,170.000,9.775 
0.8873,190.000,8.798 
0.8875,182.000,8.798 
0.8878,174.000,7.820 
0.8880,180.000,7.820 
0.8882,182.000,8.798 
0.8885,178.000,7.820 
0.8888,178.000,7.820 
0.8890,183.000,7.820 
0.8892,184.000,7.820 
0.8895,186.000,7.820 
0.8898,184.000,7.820 
0.8900,182.000,7.820 
0.8903,176.000,10.753 
0.8905,184.000,9.775 
0.8907,175.000,11.730 
0.8910,175.000,11.730 
0.8913,176.000,11.730 
0.8915,186.000,7.820 
0.8917,182.000,8.798 
0.8920,175.000,7.820 
0.8923,192.000,7.820 
0.8925,175.000,8.798 
0.8928,192.000,7.820 
0.8930,183.000,7.820 
0.8932,183.000,7.820 
0.8935,188.000,7.820 
0.8938,178.000,7.820 
0.8940,180.000,7.820 
0.8942,180.000,6.843 
0.8945,176.000,7.820 
0.8947,185.000,7.820 
0.8950,183.000,7.820 
0.8953,177.000,7.820 
0.8955,184.000,9.775 
0.8957,185.000,10.753 
0.8960,185.000,10.753 
0.8963,189.000,11.730 
0.8965,183.000,11.730 
0.8967,183.000,10.753 
0.8970,184.000,11.730 
0.8972,188.000,11.730 
0.8975,177.000,10.753 
0.8978,183.000,11.730 
0.8980,185.000,12.708 
0.8982,172.000,9.775 
0.8985,180.000,8.798 
0.8988,175.000,8.798 
0.8990,184.000,7.820 
0.8992,176.000,8.798 
0.8995,192.000,7.820 
0.8997,174.000,7.820 
0.9000,124.000,7.820 
0.9003,18.000,8.798 
0.9005,78.000,7.820 
0.9007,384.000,7.820 
0.9010,536.000,7.820 
0.9013,179.000,7.820 
0.9015,-32.000,7.820 
0.9018,108.000,7.820 
0.9020,80.000,7.820 
0.9022,248.000,10.753 
0.9025,246.000,9.775 
0.9028,181.000,10.753 
0.9030,215.000,9.775 
0.9032,124.000,10.753 
0.9035,193.000,10.753 
0.9038,125.000,11.730 
0.9040,119.000,11.730 
0.9043,153.000,11.730 
0.9045,206.000,10.753 
0.9047,192.000,11.730 
0.9050,165.000,8.798 
0.9053,194.000,7.820 
0.9055,208.000,8.798 
0.9057,232.000,7.820 
0.9060,201.000,7.820 
0.9062,144.000,7.820 
0.9065,169.000,7.820 
0.9068,159.000,7.820 
0.9070,168.000,7.820 
0.9072,233.000,10.753 
0.9075,102.000,11.730 
0.9078,170.000,11.730 
0.9080,268.000,11.730 
0.9082,255.000,8.798 
0.9085,188.000,8.798 
0.9087,186.000,8.798 
0.9090,151.000,7.820 
0.9093,133.000,7.820 
0.9095,155.000,7.820 
0.9097,275.000,7.820 
0.9100,172.000,7.820 
0.9103,156.000,7.820 
0.9105,205.000,7.820 
0.9107,206.000,7.820 
0.9110,199.000,7.820 
0.9112,172.000,6.843 
0.9115,142.000,7.820 
0.9118,192.000,7.820 
0.9120,141.000,6.843 
0.9122,158.000,8.798 
0.9125,219.000,7.820 
0.9128,265.000,8.798 
0.9130,234.000,6.843 
0.9133,130.000,6.843 
0.9135,126.000,7.820 
0.9137,198.000,7.820 
0.9140,217.000,8.798 
0.9143,191.000,10.753 
0.9145,112.000,11.730 
0.9147,112.000,11.730 
0.9150,214.000,10.753 
0.9153,279.000,11.730 
0.9155,221.000,10.753 
0.9158,172.000,8.798 
0.9160,137.000,8.798 
0.9162,169.000,8.798 
0.9165,170.000,7.820 
0.9168,178.000,8.798 
0.9170,179.000,8.798 
0.9172,168.000,8.798 
0.9175,170.000,8.798 
0.9178,214.000,8.798 
0.9180,186.000,8.798 
0.9183,154.000,7.820 
0.9185,139.000,8.798 
0.9187,173.000,7.820 
0.9190,192.000,7.820 
0.9193,203.000,7.820 
0.9195,190.000,7.820 
0.9197,171.000,7.820 
0.9200,165.000,7.820 
0.9202,173.000,8.798 
0.9205,167.000,7.820 
0.9208,175.000,8.798 
0.9210,176.000,6.843 
0.9212,178.000,7.820 
0.9215,177.000,6.843 
0.9218,168.000,7.820 
0.9220,173.000,7.820 
0.9222,176.000,7.820 
0.9225,175.000,7.820 
0.9227,184.000,6.843 
0.9230,179.000,7.820 
0.9233,191.000,7.820 
0.9235,183.000,10.753 
0.9237,176.000,10.753 
0.9240,178.000,11.730 
0.9243,184.000,10.753 
0.9245,181.000,10.753 
0.9247,183.000,9.775 
0.9250,180.000,8.798 
0.9252,185.000,7.820 
0.9255,185.000,9.775 
0.9258,187.000,7.820 
0.9260,174.000,7.820 
0.9262,179.000,7.820 
0.9265,184.000,6.843 
0.9268,177.000,7.820 
0.9270,194.000,7.820 
0.9273,185.000,9.775 
0.9275,180.000,7.820 
0.9277,176.000,7.820 
0.9280,176.000,8.798 
0.9283,183.000,7.820 
0.9285,178.000,7.820 
0.9287,180.000,7.820 
0.9290,172.000,7.820 
0.9293,181.000,7.820 
0.9295,179.000,7.820 
0.9298,178.000,7.820 
0.9300,172.000,7.820 
0.9302,181.000,7.820 
0.9305,184.000,7.820 
0.9308,181.000,6.843 
0.9310,183.000,7.820 
0.9312,177.000,7.820 
0.9315,178.000,7.820 
0.9317,190.000,8.798 
0.9320,179.000,7.820 
0.9323,173.000,7.820 
0.9325,179.000,7.820 
0.9327,173.000,8.798 
0.9330,177.000,7.820 
0.9333,184.000,8.798 
0.9335,183.000,8.798 
0.9337,181.000,8.798 
0.9340,190.000,8.798 
0.9342,185.000,8.798 
0.9345,177.000,7.820 
0.9348,183.000,8.798 
0.9350,178.000,8.798 
0.9352,178.000,8.798 
0.9355,187.000,7.820 
0.9358,182.000,8.798 
0.9360,182.000,8.798 
0.9362,176.000,12.708 
0.9365,189.000,11.730 
0.9367,174.000,11.730 
0.9370,174.000,11.730 
0.9373,184.000,11.730 
0.9375,183.000,11.730 
0.9377,172.000,10.753 
0.9380,187.000,12.708 
0.9383,186.000,11.730 
0.9385,182.000,11.730 
0.9388,183.000,11.730 
0.9390,188.000,11.730 
0.9392,186.000,11.730 
0.9395,183.000,11.730 
0.9398,178.000,11.730 
0.9400,173.000,9.775 
0.9402,185.000,8.798 
0.9405,183.000,8.798 
0.9408,189.000,9.775 
0.9410,182.000,9.775 
0.9413,186.000,11.730 
0.9415,187.000,11.730 
0.9417,177.000,11.730 
0.9420,190.000,11.730 
0.9423,180.000,10.753 
0.9425,180.000,10.753 
0.9427,186.000,10.753 
0.9430,175.000,10.753 
0.9433,181.000,10.753 
0.9435,186.000,7.820 
0.9438,185.000,7.820 
0.9440,183.000,7.820 
0.9442,186.000,7.820 
0.9445,176.000,7.820 
0.9448,188.000,8.798 
0.9450,188.000,7.820 
0.9452,174.000,7.820 
0.9455,172.000,7.820 
0.9457,183.000,7.820 
0.9460,186.000,7.820 
0.9463,184.000,7.820 
0.9465,186.000,9.775 
0.9467,182.000,9.775 
0.9470,176.000,11.730 
0.9473,180.000,11.730 
0.9475,183.000,11.730 
0.9477,180.000,9.775 
0.9480,188.000,8.798 
0.9482,195.000,11.730 
0.9485,189.000,11.730 
0.9488,182.000,10.753 
0.9490,191.000,11.730 
0.9492,176.000,10.753 
0.9495,192.000,10.753 
0.9498,185.000,11.730 
0.9500,178.000,11.730 
0.9503,172.000,9.775 
0.9505,174.000,8.798 
0.9507,180.000,8.798 
0.9510,178.000,8.798 
0.9513,171.000,8.798 
0.9515,168.000,8.798 
0.9517,185.000,6.843 
0.9520,181.000,7.820 
0.9523,178.000,8.798 
0.9525,187.000,8.798 
0.9528,185.000,7.820 
0.9530,183.000,8.798 
0.9532,177.000,7.820 
0.9535,178.000,7.820 
0.9538,183.000,7.820 
0.9540,183.000,7.820 
0.9542,180.000,6.843 
0.9545,179.000,7.820 
0.9548,200.000,7.820 
0.9550,157.000,7.820 
0.9553,162.000,8.798 
0.9555,247.000,7.820 
0.9557,41.000,7.820 
0.9560,-27.000,7.820 
0.9563,155.000,7.820 
0.9565,251.000,7.820 
0.9567,215.000,7.820 
0.9570,233.000,7.820 
0.9572,265.000,7.820 
0.9575,203.000,6.843 
0.9578,206.000,7.820 
0.9580,232.000,7.820 
0.9582,272.000,11.730 
0.9585,183.000,10.753 
0.9588,287.000,10.753 
0.9590,182.000,11.730 
0.9592,4.000,11.730 
0.9595,54.000,11.730 
0.9597,294.000,11.730 
0.9600,264.000,11.730 
0.9603,195.000,10.753 
0.9605,148.000,11.730 
0.9607,167.000,11.730 
0.9610,409.000,11.730 
0.9613,278.000,8.798 
0.9615,213.000,8.798 
0.9617,62.000,8.798 
0.9620,142.000,8.798 
0.9622,87.000,8.798 
0.9625,104.000,9.775 
0.9628,234.000,8.798 
0.9630,223.000,8.798 
0.9632,253.000,8.798 
0.9635,209.000,7.820 
0.9638,197.000,8.798 
0.9640,97.000,8.798 
0.9643,145.000,7.820 
0.9645,208.000,8.798 
0.9647,159.000,7.820 
0.9650,111.000,7.820 
0.9653,249.000,8.798 
0.9655,272.000,7.820 
0.9657,183.000,7.820 
0.9660,108.000,6.843 
0.9663,128.000,7.820 
0.9665,189.000,7.820 
0.9668,171.000,7.820 
0.9670,202.000,8.798 
0.9672,202.000,7.820 
0.9675,216.000,7.820 
0.9678,210.000,7.820 
0.9680,147.000,7.820 
0.9682,154.000,9.775 
0.9685,200.000,10.753 
0.9688,208.000,9.775 
0.9690,163.000,9.775 
0.9693,170.000,7.820 
0.9695,174.000,7.820 
0.9697,193.000,9.775 
0.9700,204.000,10.753 
0.9703,176.000,10.753 
0.9705,164.000,11.730 
0.9707,162.000,11.730 
0.9710,163.000,11.730 
0.9712,200.000,8.798 
0.9715,194.000,8.798 
0.9718,201.000,8.798 
0.9720,174.000,8.798 
0.9722,182.000,9.775 
0.9725,180.000,8.798 
0.9728,176.000,8.798 
0.9730,185.000,9.775 
0.9732,183.000,8.798 
0.9735,187.000,8.798 
0.9737,183.000,8.798 
0.9740,159.000,7.820 
0.9743,162.000,8.798 
0.9745,196.000,8.798 
0.9747,197.000,8.798 
0.9750,197.000,8.798 
0.9753,176.000,8.798 
0.9755,180.000,7.820 
0.9758,174.000,7.820 
0.9760,183.000,7.820 
0.9762,191.000,7.820 
0.9765,174.000,7.820 
0.9768,176.000,7.820 
0.9770,172.000,8.798 
0.9772,191.000,7.820 
0.9775,179.000,7.820 
0.9778,174.000,7.820 
0.9780,182.000,7.820 
0.9783,180.000,7.820 
0.9785,184.000,8.798 
0.9787,183.000,7.820 
0.9790,182.000,7.820 
0.9793,187.000,6.843 
0.9795,178.000,6.843 
0.9797,176.000,7.820 
0.9800,186.000,7.820 
0.9803,186.000,7.820 
0.9805,173.000,7.820 
0.9808,173.000,7.820 
0.9810,171.000,7.820 
0.9812,174.000,7.820 
0.9815,174.000,7.820 
0.9818,187.000,8.798 
0.9820,188.000,7.820 
0.9822,179.000,7.820 
0.9825,184.000,7.820 
0.9827,174.000,7.820 
0.9830,189.000,7.820 
0.9833,179.000,7.820 
0.9835,177.000,7.820 
0.9837,173.000,7.820 
0.9840,186.000,7.820 
0.9843,182.000,7.820 
0.9845,177.000,6.843 
0.9847,179.000,7.820 
0.9850,183.000,7.820 
0.9852,185.000,7.820 
0.9855,181.000,7.820 
0.9858,173.000,6.843 
0.9860,176.000,7.820 
0.9862,178.000,7.820 
0.9865,177.000,7.820 
0.9868,186.000,7.820 
0.9870,184.000,7.820 
0.9872,177.000,8.798 
0.9875,184.000,7.820 
0.9877,171.000,9.775 
0.9880,177.000,8.798 
0.9883,182.000,8.798 
0.9885,188.000,8.798 
0.9887,181.000,7.820 
0.9890,185.000,7.820 
0.9893,180.000,7.820 
0.9895,182.000,8.798 
0.9898,195.000,7.820 
0.9900,178.000,8.798 
0.9902,182.000,7.820 
0.9905,175.000,7.820 
0.9908,179.000,7.820 
0.9910,180.000,7.820 
0.9912,184.000,7.820 
0.9915,176.000,7.820 
0.9918,175.000,7.820 
0.9920,183.000,7.820 
0.9923,180.000,7.820 
0.9925,179.000,8.798 
0.9927,183.000,8.798 
0.9930,183.000,8.798 
0.9933,186.000,7.820 
0.9935,190.000,7.820 
0.9937,188.000,7.820 
0.9940,176.000,6.843 
0.9942,192.000,6.843 
0.9945,189.000,6.843 
0.9948,181.000,7.820 
0.9950,183.000,7.820 
0.9952,188.000,10.753 
0.9955,183.000,10.753 
0.9958,180.000,11.730 
0.9960,183.000,10.753 
0.9962,190.000,10.753 
0.9965,182.000,10.753 
0.9967,187.000,11.730 
0.9970,176.000,10.753 
0.9973,179.000,7.820 
0.9975,182.000,8.798 
0.9977,191.000,8.798 
0.9980,185.000,9.775 
0.9983,182.000,8.798 
0.9985,184.000,8.798 
0.9987,177.000,8.798 
0.9990,186.000,8.798 
0.9992,189.000,8.798 
0.9995,183.000,8.798 
0.9998,183.000,8.798 
1.0000,190.000,8.798 
1.0002,185.000,8.798 
1.0005,183.000,7.820 
1.0007,179.000,7.820 
1.0010,186.000,7.820 
1.0013,182.000,7.820 
1.0015,180.000,8.798 
1.0017,178.000,7.820 
1.0020,174.000,7.820 
1.0022,188.000,7.820 
1.0025,185.000,7.820 
1.0028,188.000,6.843 
1.0030,177.000,7.820 
1.0033,178.000,7.820 
1.0035,183.000,7.820 
1.0037,189.000,6.843 
1.0040,188.000,7.820 
1.0043,182.000,7.820 
1.0045,184.000,7.820 
1.0048,181.000,7.820 
1.0050,176.000,6.843 
1.0052,182.000,6.843 
1.0055,170.000,7.820 
1.0057,181.000,7.820 
1.0060,184.000,7.820 
1.0063,177.000,7.820 
1.0065,186.000,7.820 
1.0067,178.000,6.843 
1.0070,173.000,8.798 
1.0072,175.000,7.820 
1.0075,192.000,7.820 
1.0078,213.000,7.820 
1.0080,298.000,7.820 
1.0082,274.000,7.820 
1.0085,75.000,7.820 
1.0087,56.000,7.820 
1.0090,215.000,7.820 
1.0093,288.000,7.820 
1.0095,17.000,7.820 
1.0098,-237.000,8.798 
1.0100,-82.000,8.798 
1.0102,202.000,8.798 
1.0105,304.000,8.798 
1.0108,255.000,8.798 
1.0110,193.000,8.798 
1.0113,167.000,8.798 
1.0115,133.000,8.798 
1.0117,195.000,9.775 
1.0120,285.000,9.775 
1.0122,186.000,11.730 
1.0125,144.000,12.708 
1.0128,-122.000,10.753 
1.0130,47.000,11.730 
1.0132,210.000,11.730 
1.0135,672.000,11.730 
1.0137,267.000,11.730 
1.0140,93.000,11.730 
1.0143,26.000,11.730 
1.0145,87.000,11.730 
1.0148,383.000,11.730 
1.0150,123.000,9.775 
1.0152,233.000,9.775 
1.0155,169.000,8.798 
1.0158,176.000,9.775 
1.0160,164.000,8.798 
1.0163,214.000,8.798 
1.0165,89.000,8.798 
1.0167,127.000,8.798 
1.0170,199.000,7.820 
1.0172,226.000,7.820 
1.0175,202.000,7.820 
1.0178,230.000,8.798 
1.0180,210.000,7.820 
1.0182,127.000,7.820 
1.0185,172.000,8.798 
1.0187,184.000,7.820 
1.0190,206.000,7.820 
1.0193,168.000,7.820 
1.0195,205.000,7.820 
1.0197,180.000,7.820 
1.0200,184.000,6.843 
1.0202,187.000,10.753 
1.0205,183.000,10.753 
1.0208,178.000,10.753 
1.0210,169.000,10.753 
1.0213,183.000,11.730 
1.0215,180.000,11.730 
1.0217,184.000,11.730 
1.0220,177.000,11.730 
1.0223,179.000,8.798 
1.0225,183.000,8.798 
1.0228,191.000,9.775 
1.0230,177.000,8.798 
1.0232,179.000,8.798 
1.0235,185.000,8.798 
1.0237,184.000,8.798 
